Workbook

Sheet Use Case Refinement
A1: Use case "addition of two numbers": validation per iteration (Table 2)
A2: N = 6 requirements (4 mandatory, 2 optional), τ = 0.80.
A4: Mandatory total | B4: 4
A5: Optional total | B5: 2
A6: τ | B6: 0.8
A8: Iteration | B8: Metamodel | C8: Mandatory satisfied | D8: Optional satisfied | E8: S(B) | F8: S_opt(B) | G8: All mandatory? | H8: Accepted?
A9: Initial candidate | B9: failed | C9: 4 | D9: 0 | E9: =(C9+D9)/($B$4+$B$5) -> 0.66666667 | F9: =IF($B$5=0,1,D9/$B$5) -> 0 | G9: =IF(C9=$B$4,"yes","no") -> yes | H9: =IF(AND(B9="passed",C9=$B$4,F9>=$B$6),"yes","no") -> no
A10: Refinement 1 | B10: failed | C10: 4 | D10: 1 | E10: =(C10+D10)/($B$4+$B$5) -> 0.83333333 | F10: =IF($B$5=0,1,D10/$B$5) -> 0.5 | G10: =IF(C10=$B$4,"yes","no") -> yes | H10: =IF(AND(B10="passed",C10=$B$4,F10>=$B$6),"yes","no") -> no
A11: Refinement 2 | B11: passed | C11: 4 | D11: 2 | E11: =(C11+D11)/($B$4+$B$5) -> 1 | F11: =IF($B$5=0,1,D11/$B$5) -> 1 | G11: =IF(C11=$B$4,"yes","no") -> yes | H11: =IF(AND(B11="passed",C11=$B$4,F11>=$B$6),"yes","no") -> yes
A12: Extracted requirements (Table 1)
A13: Type | B13: Value | C13: Completion | D13: Priority
A14: operation | B14: Adder | C14: Adder | D14: mandatory
A15: number | B15: x1 | C15: 2 | D15: mandatory
A16: number | B16: x2 | C16: 4 | D16: mandatory
A17: measurement | B17: Measurement | C17: Measurement | D17: mandatory
A18: encoding | B18: basis | C18: basis | D18: optional
A19: encoding | B19: basis | C19: basis | D19: optional

Sheet LLM Per-Instance
A1: LLM results per instance and run (1 = correct, 0 = incorrect) – to be filled in from the run logs
D4: Qwen3 8B – Direct | G4: Qwen3 8B – Pipeline | J4: mistral-small-4 – Direct | M4: mistral-small-4 – Without Refinement | P4: mistral-small-4 – Pipeline | S4: Llama 3.3 70B – Direct | V4: Llama 3.3 70B – Pipeline | Y4: mistral-small-4 – Without Semantic Validation | AB4: mistral-small-4 – Without Metamodel Validation
A5: No. | B5: Task | C5: Representation | D5: Run 1 | E5: Run 2 | F5: Run 3 | G5: Run 1 | H5: Run 2 | I5: Run 3 | J5: Run 1 | K5: Run 2 | L5: Run 3 | M5: Run 1 | N5: Run 2 | O5: Run 3 | P5: Run 1 | Q5: Run 2 | R5: Run 3 | S5: Run 1 | T5: Run 2 | U5: Run 3 | V5: Run 1 | W5: Run 2 | X5: Run 3 | Y5: Run 1 | Z5: Run 2 | AA5: Run 3 | AB5: Run 1 | AC5: Run 2 | AD5: Run 3
A6: 1 | B6: =Times!B4 -> Random qubit state | C6: Compact | D6: 1 | E6: 1 | F6: 1 | G6: 1 | H6: 1 | I6: 1 | J6: 1 | K6: 1 | L6: 1 | M6: 1 | N6: 1 | O6: 1 | P6: 1 | Q6: 1 | R6: 1 | S6: 1 | T6: 1 | U6: 1 | V6: 1 | W6: 1 | X6: 1 | Y6: 1 | Z6: 1 | AA6: 1 | AB6: 1 | AC6: 1 | AD6: 1
A7: 1 | B7: =Times!B4 -> Random qubit state | C7: Circuit-level | D7: 1 | E7: 1 | F7: 1 | G7: 1 | H7: 1 | I7: 1 | J7: 1 | K7: 1 | L7: 1 | M7: 1 | N7: 1 | O7: 1 | P7: 1 | Q7: 1 | R7: 1 | S7: 1 | T7: 1 | U7: 1 | V7: 1 | W7: 1 | X7: 1 | Y7: 1 | Z7: 1 | AA7: 1 | AB7: 1 | AC7: 1 | AD7: 1
A8: 2 | B8: =Times!B5 -> Superposition of 5 qubits | C8: Compact | D8: 1 | E8: 1 | F8: 1 | G8: 1 | H8: 1 | I8: 1 | J8: 1 | K8: 1 | L8: 1 | M8: 1 | N8: 1 | O8: 1 | P8: 1 | Q8: 1 | R8: 1 | S8: 1 | T8: 1 | U8: 1 | V8: 1 | W8: 1 | X8: 1 | Y8: 1 | Z8: 1 | AA8: 1 | AB8: 1 | AC8: 1 | AD8: 1
A9: 2 | B9: =Times!B5 -> Superposition of 5 qubits | C9: Circuit-level | D9: 1 | E9: 1 | F9: 1 | G9: 1 | H9: 1 | I9: 1 | J9: 1 | K9: 1 | L9: 1 | M9: 1 | N9: 1 | O9: 1 | P9: 1 | Q9: 1 | R9: 1 | S9: 1 | T9: 1 | U9: 1 | V9: 1 | W9: 1 | X9: 1 | Y9: 1 | Z9: 1 | AA9: 1 | AB9: 1 | AC9: 1 | AD9: 1
A10: 3 | B10: =Times!B6 -> Bell state | C10: Compact | D10: 1 | E10: 1 | F10: 1 | G10: 1 | H10: 1 | I10: 1 | J10: 1 | K10: 1 | L10: 1 | M10: 1 | N10: 1 | O10: 1 | P10: 1 | Q10: 1 | R10: 1 | S10: 1 | T10: 1 | U10: 1 | V10: 1 | W10: 1 | X10: 1 | Y10: 1 | Z10: 1 | AA10: 1 | AB10: 1 | AC10: 1 | AD10: 1
A11: 3 | B11: =Times!B6 -> Bell state | C11: Circuit-level | D11: 1 | E11: 1 | F11: 1 | G11: 1 | H11: 1 | I11: 1 | J11: 1 | K11: 1 | L11: 1 | M11: 1 | N11: 1 | O11: 1 | P11: 1 | Q11: 1 | R11: 1 | S11: 1 | T11: 1 | U11: 0 | V11: 1 | W11: 1 | X11: 1 | Y11: 1 | Z11: 1 | AA11: 1 | AB11: 1 | AC11: 1 | AD11: 1
A12: 4 | B12: =Times!B7 -> Addition (2+4) | C12: Compact | D12: 1 | E12: 1 | F12: 0 | G12: 1 | H12: 1 | I12: 1 | J12: 0 | K12: 0 | L12: 0 | M12: 0 | N12: 0 | O12: 0 | P12: 1 | Q12: 1 | R12: 1 | S12: 0 | T12: 0 | U12: 0 | V12: 1 | W12: 1 | X12: 1 | Y12: 1 | Z12: 1 | AA12: 0 | AB12: 0 | AC12: 0 | AD12: 1
A13: 4 | B13: =Times!B7 -> Addition (2+4) | C13: Circuit-level | D13: 0 | E13: 0 | F13: 0 | G13: 1 | H13: 1 | I13: 1 | J13: 0 | K13: 0 | L13: 0 | M13: 0 | N13: 0 | O13: 0 | P13: 1 | Q13: 1 | R13: 1 | S13: 0 | T13: 0 | U13: 0 | V13: 1 | W13: 1 | X13: 1 | Y13: 1 | Z13: 0 | AA13: 0 | AB13: 0 | AC13: 0 | AD13: 0
A14: 5 | B14: =Times!B8 -> GHZ state | C14: Compact | D14: 1 | E14: 1 | F14: 1 | G14: 1 | H14: 1 | I14: 1 | J14: 1 | K14: 1 | L14: 1 | M14: 1 | N14: 1 | O14: 1 | P14: 1 | Q14: 1 | R14: 1 | S14: 1 | T14: 1 | U14: 1 | V14: 1 | W14: 1 | X14: 1 | Y14: 1 | Z14: 1 | AA14: 1 | AB14: 1 | AC14: 1 | AD14: 1
A15: 5 | B15: =Times!B8 -> GHZ state | C15: Circuit-level | D15: 1 | E15: 1 | F15: 1 | G15: 1 | H15: 1 | I15: 1 | J15: 0 | K15: 0 | L15: 1 | M15: 1 | N15: 1 | O15: 1 | P15: 1 | Q15: 1 | R15: 1 | S15: 0 | T15: 0 | U15: 1 | V15: 1 | W15: 1 | X15: 1 | Y15: 1 | Z15: 1 | AA15: 1 | AB15: 1 | AC15: 1 | AD15: 1
A16: 6 | B16: =Times!B9 -> W state | C16: Compact | D16: 1 | E16: 1 | F16: 1 | G16: 1 | H16: 1 | I16: 1 | J16: 1 | K16: 0 | L16: 0 | M16: 1 | N16: 1 | O16: 1 | P16: 1 | Q16: 1 | R16: 1 | S16: 1 | T16: 0 | U16: 1 | V16: 1 | W16: 1 | X16: 1 | Y16: 1 | Z16: 1 | AA16: 1 | AB16: 1 | AC16: 1 | AD16: 1
A17: 6 | B17: =Times!B9 -> W state | C17: Circuit-level | D17: 0 | E17: 1 | F17: 1 | G17: 1 | H17: 1 | I17: 1 | J17: 0 | K17: 0 | L17: 0 | M17: 1 | N17: 1 | O17: 1 | P17: 1 | Q17: 1 | R17: 1 | S17: 0 | T17: 0 | U17: 0 | V17: 1 | W17: 1 | X17: 1 | Y17: 1 | Z17: 1 | AA17: 1 | AB17: 1 | AC17: 1 | AD17: 1
A18: 7 | B18: =Times!B10 -> Phase oracle | C18: Compact | D18: 1 | E18: 1 | F18: 1 | G18: 1 | H18: 1 | I18: 1 | J18: 0 | K18: 0 | L18: 0 | M18: 1 | N18: 1 | O18: 1 | P18: 1 | Q18: 1 | R18: 1 | S18: 0 | T18: 0 | U18: 0 | V18: 1 | W18: 1 | X18: 1 | Y18: 1 | Z18: 1 | AA18: 1 | AB18: 1 | AC18: 1 | AD18: 1
A19: 7 | B19: =Times!B10 -> Phase oracle | C19: Circuit-level | D19: 0 | E19: 0 | F19: 0 | G19: 1 | H19: 1 | I19: 1 | J19: 0 | K19: 0 | L19: 0 | M19: 0 | N19: 0 | O19: 0 | P19: 1 | Q19: 1 | R19: 1 | S19: 0 | T19: 0 | U19: 0 | V19: 1 | W19: 1 | X19: 1 | Y19: 1 | Z19: 1 | AA19: 0 | AB19: 0 | AC19: 0 | AD19: 0
A20: 8 | B20: =Times!B11 -> Boolean oracle | C20: Compact | D20: 1 | E20: 1 | F20: 1 | G20: 1 | H20: 1 | I20: 1 | J20: 0 | K20: 0 | L20: 0 | M20: 1 | N20: 1 | O20: 1 | P20: 1 | Q20: 1 | R20: 1 | S20: 0 | T20: 0 | U20: 0 | V20: 1 | W20: 1 | X20: 1 | Y20: 1 | Z20: 1 | AA20: 1 | AB20: 1 | AC20: 1 | AD20: 1
A21: 8 | B21: =Times!B11 -> Boolean oracle | C21: Circuit-level | D21: 0 | E21: 0 | F21: 0 | G21: 1 | H21: 1 | I21: 1 | J21: 0 | K21: 0 | L21: 0 | M21: 0 | N21: 0 | O21: 0 | P21: 1 | Q21: 1 | R21: 1 | S21: 0 | T21: 0 | U21: 0 | V21: 1 | W21: 1 | X21: 1 | Y21: 1 | Z21: 0 | AA21: 0 | AB21: 0 | AC21: 0 | AD21: 0
A22: 9 | B22: =Times!B12 -> Quantum Fourier transform | C22: Compact | D22: 1 | E22: 1 | F22: 1 | G22: 1 | H22: 1 | I22: 1 | J22: 0 | K22: 1 | L22: 0 | M22: 1 | N22: 1 | O22: 1 | P22: 1 | Q22: 1 | R22: 1 | S22: 0 | T22: 1 | U22: 0 | V22: 1 | W22: 1 | X22: 1 | Y22: 1 | Z22: 1 | AA22: 1 | AB22: 1 | AC22: 1 | AD22: 1
A23: 9 | B23: =Times!B12 -> Quantum Fourier transform | C23: Circuit-level | D23: 1 | E23: 1 | F23: 1 | G23: 1 | H23: 1 | I23: 1 | J23: 0 | K23: 0 | L23: 0 | M23: 1 | N23: 1 | O23: 1 | P23: 1 | Q23: 1 | R23: 1 | S23: 0 | T23: 0 | U23: 0 | V23: 1 | W23: 1 | X23: 1 | Y23: 1 | Z23: 1 | AA23: 1 | AB23: 1 | AC23: 1 | AD23: 1
A24: 10 | B24: =Times!B13 -> QAOA for MaxCut | C24: Compact | D24: 1 | E24: 0 | F24: 1 | G24: 1 | H24: 1 | I24: 1 | J24: 0 | K24: 0 | L24: 0 | M24: 1 | N24: 1 | O24: 1 | P24: 1 | Q24: 1 | R24: 1 | S24: 0 | T24: 0 | U24: 0 | V24: 1 | W24: 1 | X24: 1 | Y24: 1 | Z24: 1 | AA24: 1 | AB24: 1 | AC24: 1 | AD24: 1
A25: 10 | B25: =Times!B13 -> QAOA for MaxCut | C25: Circuit-level | D25: 0 | E25: 0 | F25: 0 | G25: 1 | H25: 1 | I25: 1 | J25: 0 | K25: 0 | L25: 0 | M25: 0 | N25: 0 | O25: 0 | P25: 1 | Q25: 1 | R25: 1 | S25: 0 | T25: 0 | U25: 0 | V25: 1 | W25: 1 | X25: 1 | Y25: 0 | Z25: 0 | AA25: 0 | AB25: 1 | AC25: 1 | AD25: 1
A26: 11 | B26: =Times!B14 -> Grover's search | C26: Compact | D26: 0 | E26: 0 | F26: 0 | G26: 1 | H26: 1 | I26: 1 | J26: 0 | K26: 0 | L26: 0 | M26: 1 | N26: 1 | O26: 1 | P26: 1 | Q26: 1 | R26: 1 | S26: 0 | T26: 0 | U26: 0 | V26: 1 | W26: 1 | X26: 1 | Y26: 1 | Z26: 1 | AA26: 1 | AB26: 1 | AC26: 1 | AD26: 1
A27: 11 | B27: =Times!B14 -> Grover's search | C27: Circuit-level | D27: 0 | E27: 0 | F27: 0 | G27: 1 | H27: 1 | I27: 1 | J27: 0 | K27: 0 | L27: 0 | M27: 0 | N27: 0 | O27: 0 | P27: 1 | Q27: 1 | R27: 1 | S27: 0 | T27: 0 | U27: 0 | V27: 1 | W27: 1 | X27: 1 | Y27: 0 | Z27: 0 | AA27: 0 | AB27: 0 | AC27: 1 | AD27: 1
A28: Correct (sum) | D28: =IF(COUNT(D6:D27)=0,"open",SUM(D6:D27)) -> 15 | E28: =IF(COUNT(E6:E27)=0,"open",SUM(E6:E27)) -> 15 | F28: =IF(COUNT(F6:F27)=0,"open",SUM(F6:F27)) -> 15 | G28: =IF(COUNT(G6:G27)=0,"open",SUM(G6:G27)) -> 22 | H28: =IF(COUNT(H6:H27)=0,"open",SUM(H6:H27)) -> 22 | I28: =IF(COUNT(I6:I27)=0,"open",SUM(I6:I27)) -> 22 | J28: =IF(COUNT(J6:J27)=0,"open",SUM(J6:J27)) -> 8 | K28: =IF(COUNT(K6:K27)=0,"open",SUM(K6:K27)) -> 8 | ... AD28: =IF(COUNT(AD6:AD27)=0,"open",SUM(AD6:AD27)) -> 19
A29: Mean over 3 runs | D29: =IF(COUNT(D28:F28)=0,"open",AVERAGE(D28:F28)) -> 15 | G29: =IF(COUNT(G28:I28)=0,"open",AVERAGE(G28:I28)) -> 22 | J29: =IF(COUNT(J28:L28)=0,"open",AVERAGE(J28:L28)) -> 8 | M29: =IF(COUNT(M28:O28)=0,"open",AVERAGE(M28:O28)) -> 16 | P29: =IF(COUNT(P28:R28)=0,"open",AVERAGE(P28:R28)) -> 22 | S29: =IF(COUNT(S28:U28)=0,"open",AVERAGE(S28:U28)) -> 8 | V29: =IF(COUNT(V28:X28)=0,"open",AVERAGE(V28:X28)) -> 22 | Y29: =IF(COUNT(Y28:AA28)=0,"open",AVERAGE(Y28:AA28)) -> 18 | AB29: =IF(COUNT(AB28:AD28)=0,"open",AVERAGE(AB28:AD28)) -> 18
A30: Std. dev. over 3 runs | D30: =IF(COUNT(D28:F28)<2,"open",STDEV(D28:F28)) -> 0 | G30: =IF(COUNT(G28:I28)<2,"open",STDEV(G28:I28)) -> 0 | J30: =IF(COUNT(J28:L28)<2,"open",STDEV(J28:L28)) -> 0 | M30: =IF(COUNT(M28:O28)<2,"open",STDEV(M28:O28)) -> 0 | P30: =IF(COUNT(P28:R28)<2,"open",STDEV(P28:R28)) -> 0 | S30: =IF(COUNT(S28:U28)<2,"open",STDEV(S28:U28)) -> 0 | V30: =IF(COUNT(V28:X28)<2,"open",STDEV(V28:X28)) -> 0 | Y30: =IF(COUNT(Y28:AA28)<2,"open",STDEV(Y28:AA28)) -> 2 | AB30: =IF(COUNT(AB28:AD28)<2,"open",STDEV(AB28:AD28)) -> 1

Sheet LLM Comparison
A1: LLM comparison: direct generation vs. pipeline (Table 3)
A2: 22 task-representation instances (11 tasks × compact/circuit-level), mean over 3 runs.
A4: LLM | B4: Hosting | C4: Direct LLM (correct) | D4: With pipeline (correct) | E4: Instances | F4: Direct % | G4: Pipeline % | H4: Δ instances | I4: Δ percentage points
A5: Qwen3 8B | B5: self-hosted | C5: 15 | D5: 22 | E5: 22 | F5: =C5/E5 -> 0.68181818 | G5: =D5/E5 -> 1 | H5: =D5-C5 -> 7 | I5: =G5-F5 -> 0.31818182
A6: mistral-small-4 | B6: free provider API | C6: 8 | D6: 22 | E6: 22 | F6: =C6/E6 -> 0.36363636 | G6: =D6/E6 -> 1 | H6: =D6-C6 -> 14 | I6: =G6-F6 -> 0.63636364
A7: Llama 3.3 70B Instruct | B7: self-hosted | C7: 8 | D7: 22 | E7: 22 | F7: =C7/E7 -> 0.36363636 | G7: =D7/E7 -> 1 | H7: =D7-C7 -> 14 | I7: =G7-F7 -> 0.63636364
A8: Mean | C8: =AVERAGE(C5:C7) -> 10.333333 | D8: =AVERAGE(D5:D7) -> 22 | E8: =AVERAGE(E5:E7) -> 22 | F8: =AVERAGE(F5:F7) -> 0.46969697 | G8: =AVERAGE(G5:G7) -> 1 | H8: =AVERAGE(H5:H7) -> 11.666667 | I8: =AVERAGE(I5:I7) -> 0.53030303
A10: mistral-small-4 was used for all further experiments (ablation, user study).

Sheet Ablation
A1: Ablation study with mistral-small-4 (Table 4)
A2: 22 instances, mean over 3 runs.
A4: Configuration | B4: Requirements extraction | C4: IR + det. synthesis | D4: Validation | E4: Refinement | F4: Correct | G4: Instances | H4: Share | I4: Δ to previous | J4: Std. dev. (3 runs)
A5: Direct LLM | B5: – | C5: – | D5: – | E5: – | F5: 8 | G5: 22 | H5: =F5/G5 -> 0.36363636 | I5: – | J5: ='LLM Per-Instance'!J30 -> 0
A6: Without Refinement | B6: ✓ | C6: ✓ | D6: ✓ (no feedback) | E6: – | F6: 16 | G6: 22 | H6: =F6/G6 -> 0.72727273 | I6: =F6-F5 -> 8 | J6: ='LLM Per-Instance'!M30 -> 0
A7: Without Metamodel Validation | B7: ✓ | C7: ✓ | D7: ✓ (syntax + semantic) | E7: ✓ (N_max = 3) | F7: ='LLM Per-Instance'!AB29 -> 18 | G7: 22 | H7: =IF(ISNUMBER(F7),F7/G7,"open") -> 0.81818182 | I7: =IF(ISNUMBER(F7),F7-$F$6,"open") -> 2 | J7: ='LLM Per-Instance'!AB30 -> 1
A8: Without Semantic Validation | B8: ✓ | C8: ✓ | D8: ✓ (syntax + metamodel) | E8: ✓ (N_max = 3) | F8: ='LLM Per-Instance'!Y29 -> 18 | G8: 22 | H8: =IF(ISNUMBER(F8),F8/G8,"open") -> 0.81818182 | I8: =IF(ISNUMBER(F8),F8-$F$6,"open") -> 2 | J8: ='LLM Per-Instance'!Y30 -> 2
A9: Full Pipeline | B9: ✓ | C9: ✓ | D9: ✓ | E9: ✓ (N_max = 3) | F9: 22 | G9: 22 | H9: =F9/G9 -> 1 | I9: =F9-F6 -> 6 | J9: ='LLM Per-Instance'!P30 -> 0
A11: Δ for the two validation ablations and the Full Pipeline is given relative to "Without Refinement" (16).

Sheet Times
A1: Task completion times (mm:ss) – user study vs. pipeline (mistral-small-4)
D2: Beginner | F2: Expert | H2: Pipeline (our approach)
A3: No. | B3: Task | C3: Task description | D3: Compact | E3: Circuit-Level | F3: Compact | G3: Circuit-Level | H3: Compact | I3: Circuit-Level
A4: 1 | B4: Random qubit state | C4: Create a quantum circuit that yields the state |0⟩ with 50% probability and the state |1⟩ with 50% probability. | D4: 0.00082175926 | E4: 0.0009837963 | F4: 0.00069444444 | G4: 0.00069444444 | H4: 0.00034722222 | I4: 0.0005787037
A5: 2 | B5: Superposition of 5 qubits | C5: Model a uniform superposition of 5 qubits. | D5: 0.00083333333 | E5: 0.0020833333 | F5: 0.0005787037 | G5: 0.0010416667 | H5: 0.00040509259 | I5: 0.00063657407
A6: 3 | B6: Bell state | C6: Implement the Bell state |Φ+⟩. | D6: 0.00075231481 | E6: – | F6: 0.00069444444 | G6: 0.00092592593 | H6: 0.00039351852 | I6: 0.00060185185
A7: 4 | B7: Addition (2+4) | C7: Add the two numbers 2 and 4 and measure the result. | D7: 0.0015046296 | E7: – | F7: 0.00069444444 | G7: 0.0034722222 | H7: 0.00038194444 | I7: 0.00065972222
A8: 5 | B8: GHZ state | C8: Create the GHZ state (with a size of 3 qubits). | D8: 0.00081018519 | E8: – | F8: 0.00069444444 | G8: 0.0013888889 | H8: 0.00034722222 | I8: 0.0005787037
A9: 6 | B9: W state | C9: Create the W state (with a size of 3 qubits). | D9: 0.00087962963 | E9: – | F9: 0.00081018519 | G9: 0.0034722222 | H9: 0.00039351852 | I9: 0.00076388889
A10: 7 | B10: Phase oracle | C10: Create a phase oracle that marks element 4. | D10: 0.0011574074 | E10: – | F10: 0.001099537 | G10: 0.0013888889 | H10: 0.00039351852 | I10: 0.00071759259
A11: 8 | B11: Boolean oracle | C11: Create a Boolean oracle that marks element 6. | D11: 0.001099537 | E11: – | F11: 0.0011574074 | G11: 0.001412037 | H11: 0.00042824074 | I11: 0.00069444444
A12: 9 | B12: Quantum Fourier transform | C12: Apply a quantum Fourier transform to one qubit and measure the result. | D12: 0.0014467593 | E12: – | F12: 0.00069444444 | G12: 0.00075231481 | H12: 0.0003587963 | I12: 0.00074074074
A13: 10 | B13: QAOA for MaxCut | C13: Apply QAOA for MaxCut to the complete graph with 3 nodes (only one QAOA layer needs to be modeled). | D13: 0.0020833333 | E13: – | F13: 0.0017939815 | G13: 0.0021527778 | H13: 0.00043981481 | I13: 0.00075231481
A14: 11 | B14: Grover's search | C14: Create a quantum circuit that implements Grover's search algorithm and marks state 3 in a 5-qubit system. | D14: 0.0013888889 | E14: – | F14: 0.0013888889 | G14: 0.0049189815 | H14: 0.00047453704 | I14: 0.00081018519
A15: Mean | D15: =AVERAGE(D4:D14) -> 0.0011616162 | E15: =AVERAGE(E4:E14) -> 0.0015335648 | F15: =AVERAGE(F4:F14) -> 0.00093644781 | G15: =AVERAGE(G4:G14) -> 0.0019654882 | H15: =AVERAGE(H4:H14) -> 0.00039667508 | I15: =AVERAGE(I4:I14) -> 0.00068497475
A16: Minimum | D16: =MIN(D4:D14) -> 0.00075231481 | E16: =MIN(E4:E14) -> 0.0009837963 | F16: =MIN(F4:F14) -> 0.0005787037 | G16: =MIN(G4:G14) -> 0.00069444444 | H16: =MIN(H4:H14) -> 0.00034722222 | I16: =MIN(I4:I14) -> 0.0005787037
A17: Maximum | D17: =MAX(D4:D14) -> 0.0020833333 | E17: =MAX(E4:E14) -> 0.0020833333 | F17: =MAX(F4:F14) -> 0.0017939815 | G17: =MAX(G4:G14) -> 0.0049189815 | H17: =MAX(H4:H14) -> 0.00047453704 | I17: =MAX(I4:I14) -> 0.00081018519
A18: Count with time (correct) | D18: =COUNT(D4:D14) -> 11 | E18: =COUNT(E4:E14) -> 2 | F18: =COUNT(F4:F14) -> 11 | G18: =COUNT(G4:G14) -> 11 | H18: =COUNT(H4:H14) -> 11 | I18: =COUNT(I4:I14) -> 11
A20: Legend:
A22: "–" = task not completed correctly; excluded from the mean
A24: Pipeline times cover the whole process from prompt to final model, incl. requested parameter input.

Sheet Correctness
A1: Model correctness (✓ = executable and satisfies the task requirements)
C2: Beginner | E2: Expert | G2: Pipeline (our approach)
A3: No. | B3: Task | C3: Compact | D3: Circuit-Level | E3: Compact | F3: Circuit-Level | G3: Compact | H3: Circuit-Level
A4: =Times!A4 -> 1 | B4: =Times!B4 -> Random qubit state | C4: =IF(ISNUMBER(Times!D4),"✓","✗") -> ✓ | D4: =IF(ISNUMBER(Times!E4),"✓","✗") -> ✓ | E4: =IF(ISNUMBER(Times!F4),"✓","✗") -> ✓ | F4: =IF(ISNUMBER(Times!G4),"✓","✗") -> ✓ | G4: =IF(ISNUMBER(Times!H4),"✓","✗") -> ✓ | H4: =IF(ISNUMBER(Times!I4),"✓","✗") -> ✓
A5: =Times!A5 -> 2 | B5: =Times!B5 -> Superposition of 5 qubits | C5: =IF(ISNUMBER(Times!D5),"✓","✗") -> ✓ | D5: =IF(ISNUMBER(Times!E5),"✓","✗") -> ✓ | E5: =IF(ISNUMBER(Times!F5),"✓","✗") -> ✓ | F5: =IF(ISNUMBER(Times!G5),"✓","✗") -> ✓ | G5: =IF(ISNUMBER(Times!H5),"✓","✗") -> ✓ | H5: =IF(ISNUMBER(Times!I5),"✓","✗") -> ✓
A6: =Times!A6 -> 3 | B6: =Times!B6 -> Bell state | C6: =IF(ISNUMBER(Times!D6),"✓","✗") -> ✓ | D6: =IF(ISNUMBER(Times!E6),"✓","✗") -> ✗ | E6: =IF(ISNUMBER(Times!F6),"✓","✗") -> ✓ | F6: =IF(ISNUMBER(Times!G6),"✓","✗") -> ✓ | G6: =IF(ISNUMBER(Times!H6),"✓","✗") -> ✓ | H6: =IF(ISNUMBER(Times!I6),"✓","✗") -> ✓
A7: =Times!A7 -> 4 | B7: =Times!B7 -> Addition (2+4) | C7: =IF(ISNUMBER(Times!D7),"✓","✗") -> ✓ | D7: =IF(ISNUMBER(Times!E7),"✓","✗") -> ✗ | E7: =IF(ISNUMBER(Times!F7),"✓","✗") -> ✓ | F7: =IF(ISNUMBER(Times!G7),"✓","✗") -> ✓ | G7: =IF(ISNUMBER(Times!H7),"✓","✗") -> ✓ | H7: =IF(ISNUMBER(Times!I7),"✓","✗") -> ✓
A8: =Times!A8 -> 5 | B8: =Times!B8 -> GHZ state | C8: =IF(ISNUMBER(Times!D8),"✓","✗") -> ✓ | D8: =IF(ISNUMBER(Times!E8),"✓","✗") -> ✗ | E8: =IF(ISNUMBER(Times!F8),"✓","✗") -> ✓ | F8: =IF(ISNUMBER(Times!G8),"✓","✗") -> ✓ | G8: =IF(ISNUMBER(Times!H8),"✓","✗") -> ✓ | H8: =IF(ISNUMBER(Times!I8),"✓","✗") -> ✓
A9: =Times!A9 -> 6 | B9: =Times!B9 -> W state | C9: =IF(ISNUMBER(Times!D9),"✓","✗") -> ✓ | D9: =IF(ISNUMBER(Times!E9),"✓","✗") -> ✗ | E9: =IF(ISNUMBER(Times!F9),"✓","✗") -> ✓ | F9: =IF(ISNUMBER(Times!G9),"✓","✗") -> ✓ | G9: =IF(ISNUMBER(Times!H9),"✓","✗") -> ✓ | H9: =IF(ISNUMBER(Times!I9),"✓","✗") -> ✓
A10: =Times!A10 -> 7 | B10: =Times!B10 -> Phase oracle | C10: =IF(ISNUMBER(Times!D10),"✓","✗") -> ✓ | D10: =IF(ISNUMBER(Times!E10),"✓","✗") -> ✗ | E10: =IF(ISNUMBER(Times!F10),"✓","✗") -> ✓ | F10: =IF(ISNUMBER(Times!G10),"✓","✗") -> ✓ | G10: =IF(ISNUMBER(Times!H10),"✓","✗") -> ✓ | H10: =IF(ISNUMBER(Times!I10),"✓","✗") -> ✓
A11: =Times!A11 -> 8 | B11: =Times!B11 -> Boolean oracle | C11: =IF(ISNUMBER(Times!D11),"✓","✗") -> ✓ | D11: =IF(ISNUMBER(Times!E11),"✓","✗") -> ✗ | E11: =IF(ISNUMBER(Times!F11),"✓","✗") -> ✓ | F11: =IF(ISNUMBER(Times!G11),"✓","✗") -> ✓ | G11: =IF(ISNUMBER(Times!H11),"✓","✗") -> ✓ | H11: =IF(ISNUMBER(Times!I11),"✓","✗") -> ✓
A12: =Times!A12 -> 9 | B12: =Times!B12 -> Quantum Fourier transform | C12: =IF(ISNUMBER(Times!D12),"✓","✗") -> ✓ | D12: =IF(ISNUMBER(Times!E12),"✓","✗") -> ✗ | E12: =IF(ISNUMBER(Times!F12),"✓","✗") -> ✓ | F12: =IF(ISNUMBER(Times!G12),"✓","✗") -> ✓ | G12: =IF(ISNUMBER(Times!H12),"✓","✗") -> ✓ | H12: =IF(ISNUMBER(Times!I12),"✓","✗") -> ✓
A13: =Times!A13 -> 10 | B13: =Times!B13 -> QAOA for MaxCut | C13: =IF(ISNUMBER(Times!D13),"✓","✗") -> ✓ | D13: =IF(ISNUMBER(Times!E13),"✓","✗") -> ✗ | E13: =IF(ISNUMBER(Times!F13),"✓","✗") -> ✓ | F13: =IF(ISNUMBER(Times!G13),"✓","✗") -> ✓ | G13: =IF(ISNUMBER(Times!H13),"✓","✗") -> ✓ | H13: =IF(ISNUMBER(Times!I13),"✓","✗") -> ✓
A14: =Times!A14 -> 11 | B14: =Times!B14 -> Grover's search | C14: =IF(ISNUMBER(Times!D14),"✓","✗") -> ✓ | D14: =IF(ISNUMBER(Times!E14),"✓","✗") -> ✗ | E14: =IF(ISNUMBER(Times!F14),"✓","✗") -> ✓ | F14: =IF(ISNUMBER(Times!G14),"✓","✗") -> ✓ | G14: =IF(ISNUMBER(Times!H14),"✓","✗") -> ✓ | H14: =IF(ISNUMBER(Times!I14),"✓","✗") -> ✓
A15: Correct (of 11) | C15: =COUNTIF(C4:C14,"✓") -> 11 | D15: =COUNTIF(D4:D14,"✓") -> 2 | E15: =COUNTIF(E4:E14,"✓") -> 11 | F15: =COUNTIF(F4:F14,"✓") -> 11 | G15: =COUNTIF(G4:G14,"✓") -> 11 | H15: =COUNTIF(H4:H14,"✓") -> 11
A16: Total (of 22) | C16: =C15+D15 -> 13 | E16: =E15+F15 -> 22 | G16: =G15+H15 -> 22

Sheet Refinement Analysis
A1: Refinement behavior per task-representation instance (full pipeline, mistral-small-4)
A2: N_max = 3 refinement iterations.
A4: Task | B4: Representation | C4: Refinement needed | D4: Iterations | E4: Failed stage | F4: Error description | G4: Error category | H4: Requirements (N) | I4: Satisfied (initial) | J4: S(B) initial | K4: S(B) final
A5: 1 – 50/50 superposition | B5: Compact | C5: =IF(D5>0,"Yes","No") -> No | D5: 0 | E5: – | F5: – | G5: – | H5: 2 | I5: 2 | J5: =I5/H5 -> 1 | K5: 1
A6: 1 – 50/50 superposition | B6: Circuit-level | C6: =IF(D6>0,"Yes","No") -> No | D6: 0 | E6: – | F6: – | G6: – | H6: 2 | I6: 2 | J6: =I6/H6 -> 1 | K6: 1
A7: 2 – Uniform superposition (5 qubits) | B7: Compact | C7: =IF(D7>0,"Yes","No") -> No | D7: 0 | E7: – | F7: – | G7: – | H7: 2 | I7: 2 | J7: =I7/H7 -> 1 | K7: 1
A8: 2 – Uniform superposition (5 qubits) | B8: Circuit-level | C8: =IF(D8>0,"Yes","No") -> No | D8: 0 | E8: – | F8: – | G8: – | H8: 2 | I8: 2 | J8: =I8/H8 -> 1 | K8: 1
A9: 3 – Bell state |Φ+⟩ | B9: Compact | C9: =IF(D9>0,"Yes","No") -> No | D9: 0 | E9: – | F9: – | G9: – | H9: 3 | I9: 3 | J9: =I9/H9 -> 1 | K9: 1
A10: 3 – Bell state |Φ+⟩ | B10: Circuit-level | C10: =IF(D10>0,"Yes","No") -> No | D10: 0 | E10: – | F10: – | G10: – | H10: 3 | I10: 3 | J10: =I10/H10 -> 1 | K10: 1
A11: 4 – Addition 2 + 4 | B11: Compact | C11: =IF(D11>0,"Yes","No") -> Yes | D11: 2 | E11: Metamodel | F11: Missing encoding: only one of the two encodings added in iteration 1 (see use case, Table 2) | G11: Encoding | H11: 6 | I11: 4 | J11: =I11/H11 -> 0.66666667 | K11: 1
A12: 4 – Addition 2 + 4 | B12: Circuit-level | C12: =IF(D12>0,"Yes","No") -> Yes | D12: 1 | E12: Metamodel | F12: Missing encoding: classical inputs connected directly to quantum addition | G12: Encoding | H12: 6 | I12: 4 | J12: =I12/H12 -> 0.66666667 | K12: 1
A13: 5 – GHZ state (3 qubits) | B13: Compact | C13: =IF(D13>0,"Yes","No") -> No | D13: 0 | E13: – | F13: – | G13: – | H13: 3 | I13: 3 | J13: =I13/H13 -> 1 | K13: 1
A14: 5 – GHZ state (3 qubits) | B14: Circuit-level | C14: =IF(D14>0,"Yes","No") -> No | D14: 0 | E14: – | F14: – | G14: – | H14: 3 | I14: 3 | J14: =I14/H14 -> 1 | K14: 1
A15: 6 – W state (3 qubits) | B15: Compact | C15: =IF(D15>0,"Yes","No") -> No | D15: 0 | E15: – | F15: – | G15: – | H15: 3 | I15: 3 | J15: =I15/H15 -> 1 | K15: 1
A16: 6 – W state (3 qubits) | B16: Circuit-level | C16: =IF(D16>0,"Yes","No") -> No | D16: 0 | E16: – | F16: – | G16: – | H16: 3 | I16: 3 | J16: =I16/H16 -> 1 | K16: 1
... A26: 11 – Grover (state 3, 5 qubits) | B26: Circuit-level | C26: =IF(D26>0,"Yes","No") -> Yes | D26: 1 | E26: Semantic | F26: Oracle missing (S < τ) | G26: Other | H26: 4 | I26: 3 | J26: =I26/H26 -> 0.75 | K26: 1
A28: Instances with refinement | B28: =COUNTIF(D5:D26,">0") -> 6
A29: Max. iterations | B29: =MAX(D5:D26) -> 2
A30: Instances with 2 iterations | B30: =COUNTIF(D5:D26,2) -> 2
A31: Share of encoding errors | B31: =COUNTIF(G5:G26,"Encoding")/B28 -> 0.66666667
A32: All errors resolved within N_max | B32: =IF(AND(MAX(D5:D26)<=3,COUNTIF(K5:K26,"<1")=0),"Yes","No") -> Yes
