Workbook

Sheet Analysis
A1: Analysis
A4: A. Translation per task (0–2 points; 2 = both views correct; tests exploratory)
D5: Fully solved (2 points) | H5: Mean points (0–2) | L5: Test session 1 | P5: Test session 2 (post-test)
A6: Task | B6: Level | C6: Given view | D6: S1 Tool condition | E6: S1 Paper condition | F6: S2 Tool condition | G6: S2 Paper condition | H6: S1 Tool condition | I6: S1 Paper condition | J6: S2 Tool condition | K6: S2 Paper condition | L6: U | M6: p | N6: p (Holm) | O6: r | P6: U | Q6: p | R6: p (Holm) | S6: r
A7: T1 | B7: =IF(Tasks!$G$2="No","",Tasks!E2&"") -> Gate | C7: =IF(Tasks!$G$2="No","",Tasks!D2&"") -> Model | D7: =IF(Tasks!$G$2="No","",COUNTIFS(Scores!$B$5:$B$44,1,Scores!$C$5:$C$44,"Tool condition",Scores!E$5:E$44,2)) -> 10 | E7: =IF(Tasks!$G$2="No","",COUNTIFS(Scores!$B$5:$B$44,1,Scores!$C$5:$C$44,"Paper condition",Scores!E$5:E$44,2)) -> 6 | F7: =IF(Tasks!$G$2="No","",COUNTIFS(Scores!$B$5:$B$44,2,Scores!$C$5:$C$44,"Tool condition",Scores!E$5:E$44,2)) -> 7 | G7: =IF(Tasks!$G$2="No","",COUNTIFS(Scores!$B$5:$B$44,2,Scores!$C$5:$C$44,"Paper condition",Scores!E$5:E$44,2)) -> 5 | H7: =IF(Tasks!$G$2="No","",IFERROR(AVERAGEIFS(Scores!E$5:E$44,Scores!$B$5:$B$44,1,Scores!$C$5:$C$44,"Tool condition"),"")) -> 2 | I7: =IF(Tasks!$G$2="No","",IFERROR(AVERAGEIFS(Scores!E$5:E$44,Scores!$B$5:$B$44,1,Scores!$C$5:$C$44,"Paper condition"),"")) -> 1.5 | J7: =IF(Tasks!$G$2="No","",IFERROR(AVERAGEIFS(Scores!E$5:E$44,Scores!$B$5:$B$44,2,Scores!$C$5:$C$44,"Tool condition"),"")) -> 1.7 | K7: =IF(Tasks!$G$2="No","",IFERROR(AVERAGEIFS(Scores!E$5:E$44,Scores!$B$5:$B$44,2,Scores!$C$5:$C$44,"Paper condition"),"")) -> 1.5 | L7: =IF(Tasks!$G$2="No","",IF(OR(COUNTIFS(Scores!$B$5:$B$44,1,Scores!$C$5:$C$44,"Tool condition",Scores!E$5:E$44,">=0")=0,COUNTIFS(Scores!$B$5:$B$44,1,Scores!$C$5:$C$44,"Paper condition",Scores!E$5:E$44,">=0")=0),"",SUM(Helper!B$5:B$44))) -> 70 | M7: =IF(L7="","",IF(SQRT(COUNTIFS(Scores!$B$5:$B$44,1,Scores!$C$5:$C$44,"Tool condition",Scores!E$5:E$44,">=0")*COUNTIFS(Scores!$B$5:$B$44,1,Scores!$C$5:$C$44,"Paper condition",Scores!E$5:E$44,">=0")/12*(((COUNTIFS(Scores!$B$5:$B$44,1,Scores!$C$5:$C$44,"Tool condition",Scores!E$5:E$44,">=0")+COUNTIFS(Scores!$B$5:$B$44,1,Scores!$C$5:$C$44,"Paper condition",Scores!E$5:E$44,">=0"))+1)-SUM(Helper!C$5:C$44)/((COUNTIFS(Scores!$B$5:$B$44,1,Scores!$C$5:$C$44,"Tool condition",Scores!E$5:E$44,">=0")+COUNTIFS(Scores!$B$5:$B$44,1,Scores!$C$5:$C$44,"Paper condition",Scores!E$5:E$44,">=0"))*((COUNTIFS(Scores!$B$5:$B$44,1,Scores!$C$5:$C$44,"Tool condition",Scores!E$5:E$44,">=0")+COUNTIFS(Scores!$B$5:$B$44,1,Scores!$C$5:$C$44,"Paper condition",Scores!E$5:E$44,">=0"))-1))))=0,1,MIN(1,2*(1-NORMSDIST((ABS(L7-COUNTIFS(Scores!$B$5:$B$44,1,Scores!$C$5:$C$44,"Tool condition",Scores!E$5:E$44,">=0")*COUNTIFS(Scores!$B$5:$B$44,1,Scores!$C$5:$C$44,"Paper condition",Scores!E$5:E$44,">=0")/2)-0.5)/SQRT(COUNTIFS(Scores!$B$5:$B$44,1,Scores!$C$5:$C$44,"Tool condition",Scores!E$5:E$44,">=0")*COUNTIFS(Scores!$B$5:$B$44,1,Scores!$C$5:$C$44,"Paper condition",Scores!E$5:E$44,">=0")/12*(((COUNTIFS(Scores!$B$5:$B$44,1,Scores!$C$5:$C$44,"Tool condition",Scores!E$5:E$44,">=0")+COUNTIFS(Scores!$B$5:$B$44,1,Scores!$C$5:$C$44,"Paper condition",Scores!E$5:E$44,">=0"))+1)-SUM(Helper!C$5:C$44)/((COUNTIFS(Scores!$B$5:$B$44,1,Scores!$C$5:$C$44,"Tool condition",Scores!E$5:E$44,">=0")+COUNTIFS(Scores!$B$5:$B$44,1,Scores!$C$5:$C$44,"Paper condition",Scores!E$5:E$44,">=0"))*((COUNTIFS(Scores!$B$5:$B$44,1,Scores!$C$5:$C$44,"Tool condition",Scores!E$5:E$44,">=0")+COUNTIFS(Scores!$B$5:$B$44,1,Scores!$C$5:$C$44,"Paper condition",Scores!E$5:E$44,">=0"))-1))))))))) -> 0.034423814 | N7: =IF(M7="","",INDEX(Helper!$D$100:$D$111,RANK(M7,Analysis!$M$7:$M$18,1)+COUNTIF(Analysis!$M$7:$M$18,M7)-1)) -> 0.20153808 | O7: =IF(L7="","",2*L7/(COUNTIFS(Scores!$B$5:$B$44,1,Scores!$C$5:$C$44,"Tool condition",Scores!E$5:E$44,">=0")*COUNTIFS(Scores!$B$5:$B$44,1,Scores!$C$5:$C$44,"Paper condition",Scores!E$5:E$44,">=0"))-1) -> 0.4 | P7: =IF(Tasks!$G$2="No","",IF(OR(COUNTIFS(Scores!$B$5:$B$44,2,Scores!$C$5:$C$44,"Tool condition",Scores!E$5:E$44,">=0")=0,COUNTIFS(Scores!$B$5:$B$44,2,Scores!$C$5:$C$44,"Paper condition",Scores!E$5:E$44,">=0")=0),"",SUM(Helper!D$5:D$44))) -> 60 | Q7: =IF(P7="","",IF(SQRT(COUNTIFS(Scores!$B$5:$B$44,2,Scores!$C$5:$C$44,"Tool condition",Scores!E$5:E$44,">=0")*COUNTIFS(Scores!$B$5:$B$44,2,Scores!$C$5:$C$44,"Paper condition",Scores!E$5:E$44,">=0")/12*(((COUNTIFS(Scores!$B$5:$B$44,2,Scores!$C$5:$C$44,"Tool condition",Scores!E$5:E$44,">=0")+COUNTIFS(Scores!$B$5:$B$44,2,Scores!$C$5:$C$44,"Paper condition",Scores!E$5:E$44,">=0"))+1)-SUM(Helper!E$5:E$44)/((COUNTIFS(Scores!$B$5:$B$44,2,Scores!$C$5:$C$44,"Tool condition",Scores!E$5:E$44,">=0")+COUNTIFS(Scores!$B$5:$B$44,2,Scores!$C$5:$C$44,"Paper condition",Scores!E$5:E$44,">=0"))*((COUNTIFS(Scores!$B$5:$B$44,2,Scores!$C$5:$C$44,"Tool condition",Scores!E$5:E$44,">=0")+COUNTIFS(Scores!$B$5:$B$44,2,Scores!$C$5:$C$44,"Paper condition",Scores!E$5:E$44,">=0"))-1))))=0,1,MIN(1,2*(1-NORMSDIST((ABS(P7-COUNTIFS(Scores!$B$5:$B$44,2,Scores!$C$5:$C$44,"Tool condition",Scores!E$5:E$44,">=0")*COUNTIFS(Scores!$B$5:$B$44,2,Scores!$C$5:$C$44,"Paper condition",Scores!E$5:E$44,">=0")/2)-0.5)/SQRT(COUNTIFS(Scores!$B$5:$B$44,2,Scores!$C$5:$C$44,"Tool condition",Scores!E$5:E$44,">=0")*COUNTIFS(Scores!$B$5:$B$44,2,Scores!$C$5:$C$44,"Paper condition",Scores!E$5:E$44,">=0")/12*(((COUNTIFS(Scores!$B$5:$B$44,2,Scores!$C$5:$C$44,"Tool condition",Scores!E$5:E$44,">=0")+COUNTIFS(Scores!$B$5:$B$44,2,Scores!$C$5:$C$44,"Paper condition",Scores!E$5:E$44,">=0"))+1)-SUM(Helper!E$5:E$44)/((COUNTIFS(Scores!$B$5:$B$44,2,Scores!$C$5:$C$44,"Tool condition",Scores!E$5:E$44,">=0")+COUNTIFS(Scores!$B$5:$B$44,2,Scores!$C$5:$C$44,"Paper condition",Scores!E$5:E$44,">=0"))*((COUNTIFS(Scores!$B$5:$B$44,2,Scores!$C$5:$C$44,"Tool condition",Scores!E$5:E$44,">=0")+COUNTIFS(Scores!$B$5:$B$44,2,Scores!$C$5:$C$44,"Paper condition",Scores!E$5:E$44,">=0"))-1))))))))) -> 0.39796084 | R7: =IF(Q7="","",INDEX(Helper!$H$100:$H$111,RANK(Q7,Analysis!$Q$7:$Q$18,1)+COUNTIF(Analysis!$Q$7:$Q$18,Q7)-1)) -> 1 | S7: =IF(P7="","",2*P7/(COUNTIFS(Scores!$B$5:$B$44,2,Scores!$C$5:$C$44,"Tool condition",Scores!E$5:E$44,">=0")*COUNTIFS(Scores!$B$5:$B$44,2,Scores!$C$5:$C$44,"Paper condition",Scores!E$5:E$44,">=0"))-1) -> 0.2
A8: T2 | B8: =IF(Tasks!$G$3="No","",Tasks!E3&"") -> Gate | C8: =IF(Tasks!$G$3="No","",Tasks!D3&"") -> Code | D8: =IF(Tasks!$G$3="No","",COUNTIFS(Scores!$B$5:$B$44,1,Scores!$C$5:$C$44,"Tool condition",Scores!F$5:F$44,2)) -> 10 | E8: =IF(Tasks!$G$3="No","",COUNTIFS(Scores!$B$5:$B$44,1,Scores!$C$5:$C$44,"Paper condition",Scores!F$5:F$44,2)) -> 4 | F8: =IF(Tasks!$G$3="No","",COUNTIFS(Scores!$B$5:$B$44,2,Scores!$C$5:$C$44,"Tool condition",Scores!F$5:F$44,2)) -> 7 | G8: =IF(Tasks!$G$3="No","",COUNTIFS(Scores!$B$5:$B$44,2,Scores!$C$5:$C$44,"Paper condition",Scores!F$5:F$44,2)) -> 4 | H8: =IF(Tasks!$G$3="No","",IFERROR(AVERAGEIFS(Scores!F$5:F$44,Scores!$B$5:$B$44,1,Scores!$C$5:$C$44,"Tool condition"),"")) -> 2 | I8: =IF(Tasks!$G$3="No","",IFERROR(AVERAGEIFS(Scores!F$5:F$44,Scores!$B$5:$B$44,1,Scores!$C$5:$C$44,"Paper condition"),"")) -> 1.3 | J8: =IF(Tasks!$G$3="No","",IFERROR(AVERAGEIFS(Scores!F$5:F$44,Scores!$B$5:$B$44,2,Scores!$C$5:$C$44,"Tool condition"),"")) -> 1.7 | K8: =IF(Tasks!$G$3="No","",IFERROR(AVERAGEIFS(Scores!F$5:F$44,Scores!$B$5:$B$44,2,Scores!$C$5:$C$44,"Paper condition"),"")) -> 1.3 | L8: =IF(Tasks!$G$3="No","",IF(OR(COUNTIFS(Scores!$B$5:$B$44,1,Scores!$C$5:$C$44,"Tool condition",Scores!F$5:F$44,">=0")=0,COUNTIFS(Scores!$B$5:$B$44,1,Scores!$C$5:$C$44,"Paper condition",Scores!F$5:F$44,">=0")=0),"",SUM(Helper!G$5:G$44))) -> 80 | M8: =IF(L8="","",IF(SQRT(COUNTIFS(Scores!$B$5:$B$44,1,Scores!$C$5:$C$44,"Tool condition",Scores!F$5:F$44,">=0")*COUNTIFS(Scores!$B$5:$B$44,1,Scores!$C$5:$C$44,"Paper condition",Scores!F$5:F$44,">=0")/12*(((COUNTIFS(Scores!$B$5:$B$44,1,Scores!$C$5:$C$44,"Tool condition",Scores!F$5:F$44,">=0")+COUNTIFS(Scores!$B$5:$B$44,1,Scores!$C$5:$C$44,"Paper condition",Scores!F$5:F$44,">=0"))+1)-SUM(Helper!H$5:H$44)/((COUNTIFS(Scores!$B$5:$B$44,1,Scores!$C$5:$C$44,"Tool condition",Scores!F$5:F$44,">=0")+COUNTIFS(Scores!$B$5:$B$44,1,Scores!$C$5:$C$44,"Paper condition",Scores!F$5:F$44,">=0"))*((COUNTIFS(Scores!$B$5:$B$44,1,Scores!$C$5:$C$44,"Tool condition",Scores!F$5:F$44,">=0")+COUNTIFS(Scores!$B$5:$B$44,1,Scores!$C$5:$C$44,"Paper condition",Scores!F$5:F$44,">=0"))-1))))=0,1,MIN(1,2*(1-NORMSDIST((ABS(L8-COUNTIFS(Scores!$B$5:$B$44,1,Scores!$C$5:$C$44,"Tool condition",Scores!F$5:F$44,">=0")*COUNTIFS(Scores!$B$5:$B$44,1,Scores!$C$5:$C$44,"Paper condition",Scores!F$5:F$44,">=0")/2)-0.5)/SQRT(COUNTIFS(Scores!$B$5:$B$44,1,Scores!$C$5:$C$44,"Tool condition",Scores!F$5:F$44,">=0")*COUNTIFS(Scores!$B$5:$B$44,1,Scores!$C$5:$C$44,"Paper condition",Scores!F$5:F$44,">=0")/12*(((COUNTIFS(Scores!$B$5:$B$44,1,Scores!$C$5:$C$44,"Tool condition",Scores!F$5:F$44,">=0")+COUNTIFS(Scores!$B$5:$B$44,1,Scores!$C$5:$C$44,"Paper condition",Scores!F$5:F$44,">=0"))+1)-SUM(Helper!H$5:H$44)/((COUNTIFS(Scores!$B$5:$B$44,1,Scores!$C$5:$C$44,"Tool condition",Scores!F$5:F$44,">=0")+COUNTIFS(Scores!$B$5:$B$44,1,Scores!$C$5:$C$44,"Paper condition",Scores!F$5:F$44,">=0"))*((COUNTIFS(Scores!$B$5:$B$44,1,Scores!$C$5:$C$44,"Tool condition",Scores!F$5:F$44,">=0")+COUNTIFS(Scores!$B$5:$B$44,1,Scores!$C$5:$C$44,"Paper condition",Scores!F$5:F$44,">=0"))-1))))))))) -> 0.0054143902 | N8: =IF(M8="","",INDEX(Helper!$D$100:$D$111,RANK(M8,Analysis!$M$7:$M$18,1)+COUNTIF(Analysis!$M$7:$M$18,M8)-1)) -> 0.059558292 | O8: =IF(L8="","",2*L8/(COUNTIFS(Scores!$B$5:$B$44,1,Scores!$C$5:$C$44,"Tool condition",Scores!F$5:F$44,">=0")*COUNTIFS(Scores!$B$5:$B$44,1,Scores!$C$5:$C$44,"Paper condition",Scores!F$5:F$44,">=0"))-1) -> 0.6 | P8: =IF(Tasks!$G$3="No","",IF(OR(COUNTIFS(Scores!$B$5:$B$44,2,Scores!$C$5:$C$44,"Tool condition",Scores!F$5:F$44,">=0")=0,COUNTIFS(Scores!$B$5:$B$44,2,Scores!$C$5:$C$44,"Paper condition",Scores!F$5:F$44,">=0")=0),"",SUM(Helper!I$5:I$44))) -> 66.5 | Q8: =IF(P8="","",IF(SQRT(COUNTIFS(Scores!$B$5:$B$44,2,Scores!$C$5:$C$44,"Tool condition",Scores!F$5:F$44,">=0")*COUNTIFS(Scores!$B$5:$B$44,2,Scores!$C$5:$C$44,"Paper condition",Scores!F$5:F$44,">=0")/12*(((COUNTIFS(Scores!$B$5:$B$44,2,Scores!$C$5:$C$44,"Tool condition",Scores!F$5:F$44,">=0")+COUNTIFS(Scores!$B$5:$B$44,2,Scores!$C$5:$C$44,"Paper condition",Scores!F$5:F$44,">=0"))+1)-SUM(Helper!J$5:J$44)/((COUNTIFS(Scores!$B$5:$B$44,2,Scores!$C$5:$C$44,"Tool condition",Scores!F$5:F$44,">=0")+COUNTIFS(Scores!$B$5:$B$44,2,Scores!$C$5:$C$44,"Paper condition",Scores!F$5:F$44,">=0"))*((COUNTIFS(Scores!$B$5:$B$44,2,Scores!$C$5:$C$44,"Tool condition",Scores!F$5:F$44,">=0")+COUNTIFS(Scores!$B$5:$B$44,2,Scores!$C$5:$C$44,"Paper condition",Scores!F$5:F$44,">=0"))-1))))=0,1,MIN(1,2*(1-NORMSDIST((ABS(P8-COUNTIFS(Scores!$B$5:$B$44,2,Scores!$C$5:$C$44,"Tool condition",Scores!F$5:F$44,">=0")*COUNTIFS(Scores!$B$5:$B$44,2,Scores!$C$5:$C$44,"Paper condition",Scores!F$5:F$44,">=0")/2)-0.5)/SQRT(COUNTIFS(Scores!$B$5:$B$44,2,Scores!$C$5:$C$44,"Tool condition",Scores!F$5:F$44,">=0")*COUNTIFS(Scores!$B$5:$B$44,2,Scores!$C$5:$C$44,"Paper condition",Scores!F$5:F$44,">=0")/12*(((COUNTIFS(Scores!$B$5:$B$44,2,Scores!$C$5:$C$44,"Tool condition",Scores!F$5:F$44,">=0")+COUNTIFS(Scores!$B$5:$B$44,2,Scores!$C$5:$C$44,"Paper condition",Scores!F$5:F$44,">=0"))+1)-SUM(Helper!J$5:J$44)/((COUNTIFS(Scores!$B$5:$B$44,2,Scores!$C$5:$C$44,"Tool condition",Scores!F$5:F$44,">=0")+COUNTIFS(Scores!$B$5:$B$44,2,Scores!$C$5:$C$44,"Paper condition",Scores!F$5:F$44,">=0"))*((COUNTIFS(Scores!$B$5:$B$44,2,Scores!$C$5:$C$44,"Tool condition",Scores!F$5:F$44,">=0")+COUNTIFS(Scores!$B$5:$B$44,2,Scores!$C$5:$C$44,"Paper condition",Scores!F$5:F$44,">=0"))-1))))))))) -> 0.16849347 | R8: =IF(Q8="","",INDEX(Helper!$H$100:$H$111,RANK(Q8,Analysis!$Q$7:$Q$18,1)+COUNTIF(Analysis!$Q$7:$Q$18,Q8)-1)) -> 1 | S8: =IF(P8="","",2*P8/(COUNTIFS(Scores!$B$5:$B$44,2,Scores!$C$5:$C$44,"Tool condition",Scores!F$5:F$44,">=0")*COUNTIFS(Scores!$B$5:$B$44,2,Scores!$C$5:$C$44,"Paper condition",Scores!F$5:F$44,">=0"))-1) -> 0.33
A9: T3 | B9: =IF(Tasks!$G$4="No","",Tasks!E4&"") -> Block | C9: =IF(Tasks!$G$4="No","",Tasks!D4&"") -> Model | D9: =IF(Tasks!$G$4="No","",COUNTIFS(Scores!$B$5:$B$44,1,Scores!$C$5:$C$44,"Tool condition",Scores!G$5:G$44,2)) -> 10 | E9: =IF(Tasks!$G$4="No","",COUNTIFS(Scores!$B$5:$B$44,1,Scores!$C$5:$C$44,"Paper condition",Scores!G$5:G$44,2)) -> 7 | F9: =IF(Tasks!$G$4="No","",COUNTIFS(Scores!$B$5:$B$44,2,Scores!$C$5:$C$44,"Tool condition",Scores!G$5:G$44,2)) -> 8 | G9: =IF(Tasks!$G$4="No","",COUNTIFS(Scores!$B$5:$B$44,2,Scores!$C$5:$C$44,"Paper condition",Scores!G$5:G$44,2)) -> 6 | H9: =IF(Tasks!$G$4="No","",IFERROR(AVERAGEIFS(Scores!G$5:G$44,Scores!$B$5:$B$44,1,Scores!$C$5:$C$44,"Tool condition"),"")) -> 2 | I9: =IF(Tasks!$G$4="No","",IFERROR(AVERAGEIFS(Scores!G$5:G$44,Scores!$B$5:$B$44,1,Scores!$C$5:$C$44,"Paper condition"),"")) -> 1.7 | J9: =IF(Tasks!$G$4="No","",IFERROR(AVERAGEIFS(Scores!G$5:G$44,Scores!$B$5:$B$44,2,Scores!$C$5:$C$44,"Tool condition"),"")) -> 1.8 | K9: =IF(Tasks!$G$4="No","",IFERROR(AVERAGEIFS(Scores!G$5:G$44,Scores!$B$5:$B$44,2,Scores!$C$5:$C$44,"Paper condition"),"")) -> 1.6 | L9: =IF(Tasks!$G$4="No","",IF(OR(COUNTIFS(Scores!$B$5:$B$44,1,Scores!$C$5:$C$44,"Tool condition",Scores!G$5:G$44,">=0")=0,COUNTIFS(Scores!$B$5:$B$44,1,Scores!$C$5:$C$44,"Paper condition",Scores!G$5:G$44,">=0")=0),"",SUM(Helper!L$5:L$44))) -> 65 | M9: =IF(L9="","",IF(SQRT(COUNTIFS(Scores!$B$5:$B$44,1,Scores!$C$5:$C$44,"Tool condition",Scores!G$5:G$44,">=0")*COUNTIFS(Scores!$B$5:$B$44,1,Scores!$C$5:$C$44,"Paper condition",Scores!G$5:G$44,">=0")/12*(((COUNTIFS(Scores!$B$5:$B$44,1,Scores!$C$5:$C$44,"Tool condition",Scores!G$5:G$44,">=0")+COUNTIFS(Scores!$B$5:$B$44,1,Scores!$C$5:$C$44,"Paper condition",Scores!G$5:G$44,">=0"))+1)-SUM(Helper!M$5:M$44)/((COUNTIFS(Scores!$B$5:$B$44,1,Scores!$C$5:$C$44,"Tool condition",Scores!G$5:G$44,">=0")+COUNTIFS(Scores!$B$5:$B$44,1,Scores!$C$5:$C$44,"Paper condition",Scores!G$5:G$44,">=0"))*((COUNTIFS(Scores!$B$5:$B$44,1,Scores!$C$5:$C$44,"Tool condition",Scores!G$5:G$44,">=0")+COUNTIFS(Scores!$B$5:$B$44,1,Scores!$C$5:$C$44,"Paper condition",Scores!G$5:G$44,">=0"))-1))))=0,1,MIN(1,2*(1-NORMSDIST((ABS(L9-COUNTIFS(Scores!$B$5:$B$44,1,Scores!$C$5:$C$44,"Tool condition",Scores!G$5:G$44,">=0")*COUNTIFS(Scores!$B$5:$B$44,1,Scores!$C$5:$C$44,"Paper condition",Scores!G$5:G$44,">=0")/2)-0.5)/SQRT(COUNTIFS(Scores!$B$5:$B$44,1,Scores!$C$5:$C$44,"Tool condition",Scores!G$5:G$44,">=0")*COUNTIFS(Scores!$B$5:$B$44,1,Scores!$C$5:$C$44,"Paper condition",Scores!G$5:G$44,">=0")/12*(((COUNTIFS(Scores!$B$5:$B$44,1,Scores!$C$5:$C$44,"Tool condition",Scores!G$5:G$44,">=0")+COUNTIFS(Scores!$B$5:$B$44,1,Scores!$C$5:$C$44,"Paper condition",Scores!G$5:G$44,">=0"))+1)-SUM(Helper!M$5:M$44)/((COUNTIFS(Scores!$B$5:$B$44,1,Scores!$C$5:$C$44,"Tool condition",Scores!G$5:G$44,">=0")+COUNTIFS(Scores!$B$5:$B$44,1,Scores!$C$5:$C$44,"Paper condition",Scores!G$5:G$44,">=0"))*((COUNTIFS(Scores!$B$5:$B$44,1,Scores!$C$5:$C$44,"Tool condition",Scores!G$5:G$44,">=0")+COUNTIFS(Scores!$B$5:$B$44,1,Scores!$C$5:$C$44,"Paper condition",Scores!G$5:G$44,">=0"))-1))))))))) -> 0.076715977 | N9: =IF(M9="","",INDEX(Helper!$D$100:$D$111,RANK(M9,Analysis!$M$7:$M$18,1)+COUNTIF(Analysis!$M$7:$M$18,M9)-1)) -> 0.23014793 | O9: =IF(L9="","",2*L9/(COUNTIFS(Scores!$B$5:$B$44,1,Scores!$C$5:$C$44,"Tool condition",Scores!G$5:G$44,">=0")*COUNTIFS(Scores!$B$5:$B$44,1,Scores!$C$5:$C$44,"Paper condition",Scores!G$5:G$44,">=0"))-1) -> 0.3 | P9: =IF(Tasks!$G$4="No","",IF(OR(COUNTIFS(Scores!$B$5:$B$44,2,Scores!$C$5:$C$44,"Tool condition",Scores!G$5:G$44,">=0")=0,COUNTIFS(Scores!$B$5:$B$44,2,Scores!$C$5:$C$44,"Paper condition",Scores!G$5:G$44,">=0")=0),"",SUM(Helper!N$5:N$44))) -> 60 | Q9: =IF(P9="","",IF(SQRT(COUNTIFS(Scores!$B$5:$B$44,2,Scores!$C$5:$C$44,"Tool condition",Scores!G$5:G$44,">=0")*COUNTIFS(Scores!$B$5:$B$44,2,Scores!$C$5:$C$44,"Paper condition",Scores!G$5:G$44,">=0")/12*(((COUNTIFS(Scores!$B$5:$B$44,2,Scores!$C$5:$C$44,"Tool condition",Scores!G$5:G$44,">=0")+COUNTIFS(Scores!$B$5:$B$44,2,Scores!$C$5:$C$44,"Paper condition",Scores!G$5:G$44,">=0"))+1)-SUM(Helper!O$5:O$44)/((COUNTIFS(Scores!$B$5:$B$44,2,Scores!$C$5:$C$44,"Tool condition",Scores!G$5:G$44,">=0")+COUNTIFS(Scores!$B$5:$B$44,2,Scores!$C$5:$C$44,"Paper condition",Scores!G$5:G$44,">=0"))*((COUNTIFS(Scores!$B$5:$B$44,2,Scores!$C$5:$C$44,"Tool condition",Scores!G$5:G$44,">=0")+COUNTIFS(Scores!$B$5:$B$44,2,Scores!$C$5:$C$44,"Paper condition",Scores!G$5:G$44,">=0"))-1))))=0,1,MIN(1,2*(1-NORMSDIST((ABS(P9-COUNTIFS(Scores!$B$5:$B$44,2,Scores!$C$5:$C$44,"Tool condition",Scores!G$5:G$44,">=0")*COUNTIFS(Scores!$B$5:$B$44,2,Scores!$C$5:$C$44,"Paper condition",Scores!G$5:G$44,">=0")/2)-0.5)/SQRT(COUNTIFS(Scores!$B$5:$B$44,2,Scores!$C$5:$C$44,"Tool condition",Scores!G$5:G$44,">=0")*COUNTIFS(Scores!$B$5:$B$44,2,Scores!$C$5:$C$44,"Paper condition",Scores!G$5:G$44,">=0")/12*(((COUNTIFS(Scores!$B$5:$B$44,2,Scores!$C$5:$C$44,"Tool condition",Scores!G$5:G$44,">=0")+COUNTIFS(Scores!$B$5:$B$44,2,Scores!$C$5:$C$44,"Paper condition",Scores!G$5:G$44,">=0"))+1)-SUM(Helper!O$5:O$44)/((COUNTIFS(Scores!$B$5:$B$44,2,Scores!$C$5:$C$44,"Tool condition",Scores!G$5:G$44,">=0")+COUNTIFS(Scores!$B$5:$B$44,2,Scores!$C$5:$C$44,"Paper condition",Scores!G$5:G$44,">=0"))*((COUNTIFS(Scores!$B$5:$B$44,2,Scores!$C$5:$C$44,"Tool condition",Scores!G$5:G$44,">=0")+COUNTIFS(Scores!$B$5:$B$44,2,Scores!$C$5:$C$44,"Paper condition",Scores!G$5:G$44,">=0"))-1))))))))) -> 0.3661915 | R9: =IF(Q9="","",INDEX(Helper!$H$100:$H$111,RANK(Q9,Analysis!$Q$7:$Q$18,1)+COUNTIF(Analysis!$Q$7:$Q$18,Q9)-1)) -> 1 | S9: =IF(P9="","",2*P9/(COUNTIFS(Scores!$B$5:$B$44,2,Scores!$C$5:$C$44,"Tool condition",Scores!G$5:G$44,">=0")*COUNTIFS(Scores!$B$5:$B$44,2,Scores!$C$5:$C$44,"Paper condition",Scores!G$5:G$44,">=0"))-1) -> 0.2
A10: T4 | B10: =IF(Tasks!$G$5="No","",Tasks!E5&"") -> Gate | C10: =IF(Tasks!$G$5="No","",Tasks!D5&"") -> Model | D10: =IF(Tasks!$G$5="No","",COUNTIFS(Scores!$B$5:$B$44,1,Scores!$C$5:$C$44,"Tool condition",Scores!H$5:H$44,2)) -> 10 | E10: =IF(Tasks!$G$5="No","",COUNTIFS(Scores!$B$5:$B$44,1,Scores!$C$5:$C$44,"Paper condition",Scores!H$5:H$44,2)) -> 6 | F10: =IF(Tasks!$G$5="No","",COUNTIFS(Scores!$B$5:$B$44,2,Scores!$C$5:$C$44,"Tool condition",Scores!H$5:H$44,2)) -> 6 | G10: =IF(Tasks!$G$5="No","",COUNTIFS(Scores!$B$5:$B$44,2,Scores!$C$5:$C$44,"Paper condition",Scores!H$5:H$44,2)) -> 4 | H10: =IF(Tasks!$G$5="No","",IFERROR(AVERAGEIFS(Scores!H$5:H$44,Scores!$B$5:$B$44,1,Scores!$C$5:$C$44,"Tool condition"),"")) -> 2 | I10: =IF(Tasks!$G$5="No","",IFERROR(AVERAGEIFS(Scores!H$5:H$44,Scores!$B$5:$B$44,1,Scores!$C$5:$C$44,"Paper condition"),"")) -> 1.6 | J10: =IF(Tasks!$G$5="No","",IFERROR(AVERAGEIFS(Scores!H$5:H$44,Scores!$B$5:$B$44,2,Scores!$C$5:$C$44,"Tool condition"),"")) -> 1.6 | K10: =IF(Tasks!$G$5="No","",IFERROR(AVERAGEIFS(Scores!H$5:H$44,Scores!$B$5:$B$44,2,Scores!$C$5:$C$44,"Paper condition"),"")) -> 1.4 | L10: =IF(Tasks!$G$5="No","",IF(OR(COUNTIFS(Scores!$B$5:$B$44,1,Scores!$C$5:$C$44,"Tool condition",Scores!H$5:H$44,">=0")=0,COUNTIFS(Scores!$B$5:$B$44,1,Scores!$C$5:$C$44,"Paper condition",Scores!H$5:H$44,">=0")=0),"",SUM(Helper!Q$5:Q$44))) -> 70 | M10: =IF(L10="","",IF(SQRT(COUNTIFS(Scores!$B$5:$B$44,1,Scores!$C$5:$C$44,"Tool condition",Scores!H$5:H$44,">=0")*COUNTIFS(Scores!$B$5:$B$44,1,Scores!$C$5:$C$44,"Paper condition",Scores!H$5:H$44,">=0")/12*(((COUNTIFS(Scores!$B$5:$B$44,1,Scores!$C$5:$C$44,"Tool condition",Scores!H$5:H$44,">=0")+COUNTIFS(Scores!$B$5:$B$44,1,Scores!$C$5:$C$44,"Paper condition",Scores!H$5:H$44,">=0"))+1)-SUM(Helper!R$5:R$44)/((COUNTIFS(Scores!$B$5:$B$44,1,Scores!$C$5:$C$44,"Tool condition",Scores!H$5:H$44,">=0")+COUNTIFS(Scores!$B$5:$B$44,1,Scores!$C$5:$C$44,"Paper condition",Scores!H$5:H$44,">=0"))*((COUNTIFS(Scores!$B$5:$B$44,1,Scores!$C$5:$C$44,"Tool condition",Scores!H$5:H$44,">=0")+COUNTIFS(Scores!$B$5:$B$44,1,Scores!$C$5:$C$44,"Paper condition",Scores!H$5:H$44,">=0"))-1))))=0,1,MIN(1,2*(1-NORMSDIST((ABS(L10-COUNTIFS(Scores!$B$5:$B$44,1,Scores!$C$5:$C$44,"Tool condition",Scores!H$5:H$44,">=0")*COUNTIFS(Scores!$B$5:$B$44,1,Scores!$C$5:$C$44,"Paper condition",Scores!H$5:H$44,">=0")/2)-0.5)/SQRT(COUNTIFS(Scores!$B$5:$B$44,1,Scores!$C$5:$C$44,"Tool condition",Scores!H$5:H$44,">=0")*COUNTIFS(Scores!$B$5:$B$44,1,Scores!$C$5:$C$44,"Paper condition",Scores!H$5:H$44,">=0")/12*(((COUNTIFS(Scores!$B$5:$B$44,1,Scores!$C$5:$C$44,"Tool condition",Scores!H$5:H$44,">=0")+COUNTIFS(Scores!$B$5:$B$44,1,Scores!$C$5:$C$44,"Paper condition",Scores!H$5:H$44,">=0"))+1)-SUM(Helper!R$5:R$44)/((COUNTIFS(Scores!$B$5:$B$44,1,Scores!$C$5:$C$44,"Tool condition",Scores!H$5:H$44,">=0")+COUNTIFS(Scores!$B$5:$B$44,1,Scores!$C$5:$C$44,"Paper condition",Scores!H$5:H$44,">=0"))*((COUNTIFS(Scores!$B$5:$B$44,1,Scores!$C$5:$C$44,"Tool condition",Scores!H$5:H$44,">=0")+COUNTIFS(Scores!$B$5:$B$44,1,Scores!$C$5:$C$44,"Paper condition",Scores!H$5:H$44,">=0"))-1))))))))) -> 0.033589681 | N10: =IF(M10="","",INDEX(Helper!$D$100:$D$111,RANK(M10,Analysis!$M$7:$M$18,1)+COUNTIF(Analysis!$M$7:$M$18,M10)-1)) -> 0.20153808 | O10: =IF(L10="","",2*L10/(COUNTIFS(Scores!$B$5:$B$44,1,Scores!$C$5:$C$44,"Tool condition",Scores!H$5:H$44,">=0")*COUNTIFS(Scores!$B$5:$B$44,1,Scores!$C$5:$C$44,"Paper condition",Scores!H$5:H$44,">=0"))-1) -> 0.4 | P10: =IF(Tasks!$G$5="No","",IF(OR(COUNTIFS(Scores!$B$5:$B$44,2,Scores!$C$5:$C$44,"Tool condition",Scores!H$5:H$44,">=0")=0,COUNTIFS(Scores!$B$5:$B$44,2,Scores!$C$5:$C$44,"Paper condition",Scores!H$5:H$44,">=0")=0),"",SUM(Helper!S$5:S$44))) -> 60 | Q10: =IF(P10="","",IF(SQRT(COUNTIFS(Scores!$B$5:$B$44,2,Scores!$C$5:$C$44,"Tool condition",Scores!H$5:H$44,">=0")*COUNTIFS(Scores!$B$5:$B$44,2,Scores!$C$5:$C$44,"Paper condition",Scores!H$5:H$44,">=0")/12*(((COUNTIFS(Scores!$B$5:$B$44,2,Scores!$C$5:$C$44,"Tool condition",Scores!H$5:H$44,">=0")+COUNTIFS(Scores!$B$5:$B$44,2,Scores!$C$5:$C$44,"Paper condition",Scores!H$5:H$44,">=0"))+1)-SUM(Helper!T$5:T$44)/((COUNTIFS(Scores!$B$5:$B$44,2,Scores!$C$5:$C$44,"Tool condition",Scores!H$5:H$44,">=0")+COUNTIFS(Scores!$B$5:$B$44,2,Scores!$C$5:$C$44,"Paper condition",Scores!H$5:H$44,">=0"))*((COUNTIFS(Scores!$B$5:$B$44,2,Scores!$C$5:$C$44,"Tool condition",Scores!H$5:H$44,">=0")+COUNTIFS(Scores!$B$5:$B$44,2,Scores!$C$5:$C$44,"Paper condition",Scores!H$5:H$44,">=0"))-1))))=0,1,MIN(1,2*(1-NORMSDIST((ABS(P10-COUNTIFS(Scores!$B$5:$B$44,2,Scores!$C$5:$C$44,"Tool condition",Scores!H$5:H$44,">=0")*COUNTIFS(Scores!$B$5:$B$44,2,Scores!$C$5:$C$44,"Paper condition",Scores!H$5:H$44,">=0")/2)-0.5)/SQRT(COUNTIFS(Scores!$B$5:$B$44,2,Scores!$C$5:$C$44,"Tool condition",Scores!H$5:H$44,">=0")*COUNTIFS(Scores!$B$5:$B$44,2,Scores!$C$5:$C$44,"Paper condition",Scores!H$5:H$44,">=0")/12*(((COUNTIFS(Scores!$B$5:$B$44,2,Scores!$C$5:$C$44,"Tool condition",Scores!H$5:H$44,">=0")+COUNTIFS(Scores!$B$5:$B$44,2,Scores!$C$5:$C$44,"Paper condition",Scores!H$5:H$44,">=0"))+1)-SUM(Helper!T$5:T$44)/((COUNTIFS(Scores!$B$5:$B$44,2,Scores!$C$5:$C$44,"Tool condition",Scores!H$5:H$44,">=0")+COUNTIFS(Scores!$B$5:$B$44,2,Scores!$C$5:$C$44,"Paper condition",Scores!H$5:H$44,">=0"))*((COUNTIFS(Scores!$B$5:$B$44,2,Scores!$C$5:$C$44,"Tool condition",Scores!H$5:H$44,">=0")+COUNTIFS(Scores!$B$5:$B$44,2,Scores!$C$5:$C$44,"Paper condition",Scores!H$5:H$44,">=0"))-1))))))))) -> 0.40756245 | R10: =IF(Q10="","",INDEX(Helper!$H$100:$H$111,RANK(Q10,Analysis!$Q$7:$Q$18,1)+COUNTIF(Analysis!$Q$7:$Q$18,Q10)-1)) -> 1 | S10: =IF(P10="","",2*P10/(COUNTIFS(Scores!$B$5:$B$44,2,Scores!$C$5:$C$44,"Tool condition",Scores!H$5:H$44,">=0")*COUNTIFS(Scores!$B$5:$B$44,2,Scores!$C$5:$C$44,"Paper condition",Scores!H$5:H$44,">=0"))-1) -> 0.2
A11: T5 | B11: =IF(Tasks!$G$6="No","",Tasks!E6&"") -> Gate | C11: =IF(Tasks!$G$6="No","",Tasks!D6&"") -> Derivation | D11: =IF(Tasks!$G$6="No","",COUNTIFS(Scores!$B$5:$B$44,1,Scores!$C$5:$C$44,"Tool condition",Scores!I$5:I$44,2)) -> 10 | E11: =IF(Tasks!$G$6="No","",COUNTIFS(Scores!$B$5:$B$44,1,Scores!$C$5:$C$44,"Paper condition",Scores!I$5:I$44,2)) -> 4 | F11: =IF(Tasks!$G$6="No","",COUNTIFS(Scores!$B$5:$B$44,2,Scores!$C$5:$C$44,"Tool condition",Scores!I$5:I$44,2)) -> 7 | G11: =IF(Tasks!$G$6="No","",COUNTIFS(Scores!$B$5:$B$44,2,Scores!$C$5:$C$44,"Paper condition",Scores!I$5:I$44,2)) -> 3 | H11: =IF(Tasks!$G$6="No","",IFERROR(AVERAGEIFS(Scores!I$5:I$44,Scores!$B$5:$B$44,1,Scores!$C$5:$C$44,"Tool condition"),"")) -> 2 | I11: =IF(Tasks!$G$6="No","",IFERROR(AVERAGEIFS(Scores!I$5:I$44,Scores!$B$5:$B$44,1,Scores!$C$5:$C$44,"Paper condition"),"")) -> 1.2 | J11: =IF(Tasks!$G$6="No","",IFERROR(AVERAGEIFS(Scores!I$5:I$44,Scores!$B$5:$B$44,2,Scores!$C$5:$C$44,"Tool condition"),"")) -> 1.7 | K11: =IF(Tasks!$G$6="No","",IFERROR(AVERAGEIFS(Scores!I$5:I$44,Scores!$B$5:$B$44,2,Scores!$C$5:$C$44,"Paper condition"),"")) -> 1.2 | L11: =IF(Tasks!$G$6="No","",IF(OR(COUNTIFS(Scores!$B$5:$B$44,1,Scores!$C$5:$C$44,"Tool condition",Scores!I$5:I$44,">=0")=0,COUNTIFS(Scores!$B$5:$B$44,1,Scores!$C$5:$C$44,"Paper condition",Scores!I$5:I$44,">=0")=0),"",SUM(Helper!V$5:V$44))) -> 80 | M11: =IF(L11="","",IF(SQRT(COUNTIFS(Scores!$B$5:$B$44,1,Scores!$C$5:$C$44,"Tool condition",Scores!I$5:I$44,">=0")*COUNTIFS(Scores!$B$5:$B$44,1,Scores!$C$5:$C$44,"Paper condition",Scores!I$5:I$44,">=0")/12*(((COUNTIFS(Scores!$B$5:$B$44,1,Scores!$C$5:$C$44,"Tool condition",Scores!I$5:I$44,">=0")+COUNTIFS(Scores!$B$5:$B$44,1,Scores!$C$5:$C$44,"Paper condition",Scores!I$5:I$44,">=0"))+1)-SUM(Helper!W$5:W$44)/((COUNTIFS(Scores!$B$5:$B$44,1,Scores!$C$5:$C$44,"Tool condition",Scores!I$5:I$44,">=0")+COUNTIFS(Scores!$B$5:$B$44,1,Scores!$C$5:$C$44,"Paper condition",Scores!I$5:I$44,">=0"))*((COUNTIFS(Scores!$B$5:$B$44,1,Scores!$C$5:$C$44,"Tool condition",Scores!I$5:I$44,">=0")+COUNTIFS(Scores!$B$5:$B$44,1,Scores!$C$5:$C$44,"Paper condition",Scores!I$5:I$44,">=0"))-1))))=0,1,MIN(1,2*(1-NORMSDIST((ABS(L11-COUNTIFS(Scores!$B$5:$B$44,1,Scores!$C$5:$C$44,"Tool condition",Scores!I$5:I$44,">=0")*COUNTIFS(Scores!$B$5:$B$44,1,Scores!$C$5:$C$44,"Paper condition",Scores!I$5:I$44,">=0")/2)-0.5)/SQRT(COUNTIFS(Scores!$B$5:$B$44,1,Scores!$C$5:$C$44,"Tool condition",Scores!I$5:I$44,">=0")*COUNTIFS(Scores!$B$5:$B$44,1,Scores!$C$5:$C$44,"Paper condition",Scores!I$5:I$44,">=0")/12*(((COUNTIFS(Scores!$B$5:$B$44,1,Scores!$C$5:$C$44,"Tool condition",Scores!I$5:I$44,">=0")+COUNTIFS(Scores!$B$5:$B$44,1,Scores!$C$5:$C$44,"Paper condition",Scores!I$5:I$44,">=0"))+1)-SUM(Helper!W$5:W$44)/((COUNTIFS(Scores!$B$5:$B$44,1,Scores!$C$5:$C$44,"Tool condition",Scores!I$5:I$44,">=0")+COUNTIFS(Scores!$B$5:$B$44,1,Scores!$C$5:$C$44,"Paper condition",Scores!I$5:I$44,">=0"))*((COUNTIFS(Scores!$B$5:$B$44,1,Scores!$C$5:$C$44,"Tool condition",Scores!I$5:I$44,">=0")+COUNTIFS(Scores!$B$5:$B$44,1,Scores!$C$5:$C$44,"Paper condition",Scores!I$5:I$44,">=0"))-1))))))))) -> 0.0056615918 | N11: =IF(M11="","",INDEX(Helper!$D$100:$D$111,RANK(M11,Analysis!$M$7:$M$18,1)+COUNTIF(Analysis!$M$7:$M$18,M11)-1)) -> 0.059558292 | O11: =IF(L11="","",2*L11/(COUNTIFS(Scores!$B$5:$B$44,1,Scores!$C$5:$C$44,"Tool condition",Scores!I$5:I$44,">=0")*COUNTIFS(Scores!$B$5:$B$44,1,Scores!$C$5:$C$44,"Paper condition",Scores!I$5:I$44,">=0"))-1) -> 0.6 | P11: =IF(Tasks!$G$6="No","",IF(OR(COUNTIFS(Scores!$B$5:$B$44,2,Scores!$C$5:$C$44,"Tool condition",Scores!I$5:I$44,">=0")=0,COUNTIFS(Scores!$B$5:$B$44,2,Scores!$C$5:$C$44,"Paper condition",Scores!I$5:I$44,">=0")=0),"",SUM(Helper!X$5:X$44))) -> 71.5 | Q11: =IF(P11="","",IF(SQRT(COUNTIFS(Scores!$B$5:$B$44,2,Scores!$C$5:$C$44,"Tool condition",Scores!I$5:I$44,">=0")*COUNTIFS(Scores!$B$5:$B$44,2,Scores!$C$5:$C$44,"Paper condition",Scores!I$5:I$44,">=0")/12*(((COUNTIFS(Scores!$B$5:$B$44,2,Scores!$C$5:$C$44,"Tool condition",Scores!I$5:I$44,">=0")+COUNTIFS(Scores!$B$5:$B$44,2,Scores!$C$5:$C$44,"Paper condition",Scores!I$5:I$44,">=0"))+1)-SUM(Helper!Y$5:Y$44)/((COUNTIFS(Scores!$B$5:$B$44,2,Scores!$C$5:$C$44,"Tool condition",Scores!I$5:I$44,">=0")+COUNTIFS(Scores!$B$5:$B$44,2,Scores!$C$5:$C$44,"Paper condition",Scores!I$5:I$44,">=0"))*((COUNTIFS(Scores!$B$5:$B$44,2,Scores!$C$5:$C$44,"Tool condition",Scores!I$5:I$44,">=0")+COUNTIFS(Scores!$B$5:$B$44,2,Scores!$C$5:$C$44,"Paper condition",Scores!I$5:I$44,">=0"))-1))))=0,1,MIN(1,2*(1-NORMSDIST((ABS(P11-COUNTIFS(Scores!$B$5:$B$44,2,Scores!$C$5:$C$44,"Tool condition",Scores!I$5:I$44,">=0")*COUNTIFS(Scores!$B$5:$B$44,2,Scores!$C$5:$C$44,"Paper condition",Scores!I$5:I$44,">=0")/2)-0.5)/SQRT(COUNTIFS(Scores!$B$5:$B$44,2,Scores!$C$5:$C$44,"Tool condition",Scores!I$5:I$44,">=0")*COUNTIFS(Scores!$B$5:$B$44,2,Scores!$C$5:$C$44,"Paper condition",Scores!I$5:I$44,">=0")/12*(((COUNTIFS(Scores!$B$5:$B$44,2,Scores!$C$5:$C$44,"Tool condition",Scores!I$5:I$44,">=0")+COUNTIFS(Scores!$B$5:$B$44,2,Scores!$C$5:$C$44,"Paper condition",Scores!I$5:I$44,">=0"))+1)-SUM(Helper!Y$5:Y$44)/((COUNTIFS(Scores!$B$5:$B$44,2,Scores!$C$5:$C$44,"Tool condition",Scores!I$5:I$44,">=0")+COUNTIFS(Scores!$B$5:$B$44,2,Scores!$C$5:$C$44,"Paper condition",Scores!I$5:I$44,">=0"))*((COUNTIFS(Scores!$B$5:$B$44,2,Scores!$C$5:$C$44,"Tool condition",Scores!I$5:I$44,">=0")+COUNTIFS(Scores!$B$5:$B$44,2,Scores!$C$5:$C$44,"Paper condition",Scores!I$5:I$44,">=0"))-1))))))))) -> 0.073311588 | R11: =IF(Q11="","",INDEX(Helper!$H$100:$H$111,RANK(Q11,Analysis!$Q$7:$Q$18,1)+COUNTIF(Analysis!$Q$7:$Q$18,Q11)-1)) -> 0.87973906 | S11: =IF(P11="","",2*P11/(COUNTIFS(Scores!$B$5:$B$44,2,Scores!$C$5:$C$44,"Tool condition",Scores!I$5:I$44,">=0")*COUNTIFS(Scores!$B$5:$B$44,2,Scores!$C$5:$C$44,"Paper condition",Scores!I$5:I$44,">=0"))-1) -> 0.43
A12: T6 | B12: =IF(Tasks!$G$7="No","",Tasks!E7&"") -> Gate | C12: =IF(Tasks!$G$7="No","",Tasks!D7&"") -> Code | D12: =IF(Tasks!$G$7="No","",COUNTIFS(Scores!$B$5:$B$44,1,Scores!$C$5:$C$44,"Tool condition",Scores!J$5:J$44,2)) -> 10 | E12: =IF(Tasks!$G$7="No","",COUNTIFS(Scores!$B$5:$B$44,1,Scores!$C$5:$C$44,"Paper condition",Scores!J$5:J$44,2)) -> 5 | F12: =IF(Tasks!$G$7="No","",COUNTIFS(Scores!$B$5:$B$44,2,Scores!$C$5:$C$44,"Tool condition",Scores!J$5:J$44,2)) -> 6 | G12: =IF(Tasks!$G$7="No","",COUNTIFS(Scores!$B$5:$B$44,2,Scores!$C$5:$C$44,"Paper condition",Scores!J$5:J$44,2)) -> 5 | H12: =IF(Tasks!$G$7="No","",IFERROR(AVERAGEIFS(Scores!J$5:J$44,Scores!$B$5:$B$44,1,Scores!$C$5:$C$44,"Tool condition"),"")) -> 2 | I12: =IF(Tasks!$G$7="No","",IFERROR(AVERAGEIFS(Scores!J$5:J$44,Scores!$B$5:$B$44,1,Scores!$C$5:$C$44,"Paper condition"),"")) -> 1.4 | J12: =IF(Tasks!$G$7="No","",IFERROR(AVERAGEIFS(Scores!J$5:J$44,Scores!$B$5:$B$44,2,Scores!$C$5:$C$44,"Tool condition"),"")) -> 1.6 | K12: =IF(Tasks!$G$7="No","",IFERROR(AVERAGEIFS(Scores!J$5:J$44,Scores!$B$5:$B$44,2,Scores!$C$5:$C$44,"Paper condition"),"")) -> 1.5 | L12: =IF(Tasks!$G$7="No","",IF(OR(COUNTIFS(Scores!$B$5:$B$44,1,Scores!$C$5:$C$44,"Tool condition",Scores!J$5:J$44,">=0")=0,COUNTIFS(Scores!$B$5:$B$44,1,Scores!$C$5:$C$44,"Paper condition",Scores!J$5:J$44,">=0")=0),"",SUM(Helper!AA$5:AA$44))) -> 75 | M12: =IF(L12="","",IF(SQRT(COUNTIFS(Scores!$B$5:$B$44,1,Scores!$C$5:$C$44,"Tool condition",Scores!J$5:J$44,">=0")*COUNTIFS(Scores!$B$5:$B$44,1,Scores!$C$5:$C$44,"Paper condition",Scores!J$5:J$44,">=0")/12*(((COUNTIFS(Scores!$B$5:$B$44,1,Scores!$C$5:$C$44,"Tool condition",Scores!J$5:J$44,">=0")+COUNTIFS(Scores!$B$5:$B$44,1,Scores!$C$5:$C$44,"Paper condition",Scores!J$5:J$44,">=0"))+1)-SUM(Helper!AB$5:AB$44)/((COUNTIFS(Scores!$B$5:$B$44,1,Scores!$C$5:$C$44,"Tool condition",Scores!J$5:J$44,">=0")+COUNTIFS(Scores!$B$5:$B$44,1,Scores!$C$5:$C$44,"Paper condition",Scores!J$5:J$44,">=0"))*((COUNTIFS(Scores!$B$5:$B$44,1,Scores!$C$5:$C$44,"Tool condition",Scores!J$5:J$44,">=0")+COUNTIFS(Scores!$B$5:$B$44,1,Scores!$C$5:$C$44,"Paper condition",Scores!J$5:J$44,">=0"))-1))))=0,1,MIN(1,2*(1-NORMSDIST((ABS(L12-COUNTIFS(Scores!$B$5:$B$44,1,Scores!$C$5:$C$44,"Tool condition",Scores!J$5:J$44,">=0")*COUNTIFS(Scores!$B$5:$B$44,1,Scores!$C$5:$C$44,"Paper condition",Scores!J$5:J$44,">=0")/2)-0.5)/SQRT(COUNTIFS(Scores!$B$5:$B$44,1,Scores!$C$5:$C$44,"Tool condition",Scores!J$5:J$44,">=0")*COUNTIFS(Scores!$B$5:$B$44,1,Scores!$C$5:$C$44,"Paper condition",Scores!J$5:J$44,">=0")/12*(((COUNTIFS(Scores!$B$5:$B$44,1,Scores!$C$5:$C$44,"Tool condition",Scores!J$5:J$44,">=0")+COUNTIFS(Scores!$B$5:$B$44,1,Scores!$C$5:$C$44,"Paper condition",Scores!J$5:J$44,">=0"))+1)-SUM(Helper!AB$5:AB$44)/((COUNTIFS(Scores!$B$5:$B$44,1,Scores!$C$5:$C$44,"Tool condition",Scores!J$5:J$44,">=0")+COUNTIFS(Scores!$B$5:$B$44,1,Scores!$C$5:$C$44,"Paper condition",Scores!J$5:J$44,">=0"))*((COUNTIFS(Scores!$B$5:$B$44,1,Scores!$C$5:$C$44,"Tool condition",Scores!J$5:J$44,">=0")+COUNTIFS(Scores!$B$5:$B$44,1,Scores!$C$5:$C$44,"Paper condition",Scores!J$5:J$44,">=0"))-1))))))))) -> 0.014285621 | N12: =IF(M12="","",INDEX(Helper!$D$100:$D$111,RANK(M12,Analysis!$M$7:$M$18,1)+COUNTIF(Analysis!$M$7:$M$18,M12)-1)) -> 0.11428497 | O12: =IF(L12="","",2*L12/(COUNTIFS(Scores!$B$5:$B$44,1,Scores!$C$5:$C$44,"Tool condition",Scores!J$5:J$44,">=0")*COUNTIFS(Scores!$B$5:$B$44,1,Scores!$C$5:$C$44,"Paper condition",Scores!J$5:J$44,">=0"))-1) -> 0.5 | P12: =IF(Tasks!$G$7="No","",IF(OR(COUNTIFS(Scores!$B$5:$B$44,2,Scores!$C$5:$C$44,"Tool condition",Scores!J$5:J$44,">=0")=0,COUNTIFS(Scores!$B$5:$B$44,2,Scores!$C$5:$C$44,"Paper condition",Scores!J$5:J$44,">=0")=0),"",SUM(Helper!AC$5:AC$44))) -> 55 | Q12: =IF(P12="","",IF(SQRT(COUNTIFS(Scores!$B$5:$B$44,2,Scores!$C$5:$C$44,"Tool condition",Scores!J$5:J$44,">=0")*COUNTIFS(Scores!$B$5:$B$44,2,Scores!$C$5:$C$44,"Paper condition",Scores!J$5:J$44,">=0")/12*(((COUNTIFS(Scores!$B$5:$B$44,2,Scores!$C$5:$C$44,"Tool condition",Scores!J$5:J$44,">=0")+COUNTIFS(Scores!$B$5:$B$44,2,Scores!$C$5:$C$44,"Paper condition",Scores!J$5:J$44,">=0"))+1)-SUM(Helper!AD$5:AD$44)/((COUNTIFS(Scores!$B$5:$B$44,2,Scores!$C$5:$C$44,"Tool condition",Scores!J$5:J$44,">=0")+COUNTIFS(Scores!$B$5:$B$44,2,Scores!$C$5:$C$44,"Paper condition",Scores!J$5:J$44,">=0"))*((COUNTIFS(Scores!$B$5:$B$44,2,Scores!$C$5:$C$44,"Tool condition",Scores!J$5:J$44,">=0")+COUNTIFS(Scores!$B$5:$B$44,2,Scores!$C$5:$C$44,"Paper condition",Scores!J$5:J$44,">=0"))-1))))=0,1,MIN(1,2*(1-NORMSDIST((ABS(P12-COUNTIFS(Scores!$B$5:$B$44,2,Scores!$C$5:$C$44,"Tool condition",Scores!J$5:J$44,">=0")*COUNTIFS(Scores!$B$5:$B$44,2,Scores!$C$5:$C$44,"Paper condition",Scores!J$5:J$44,">=0")/2)-0.5)/SQRT(COUNTIFS(Scores!$B$5:$B$44,2,Scores!$C$5:$C$44,"Tool condition",Scores!J$5:J$44,">=0")*COUNTIFS(Scores!$B$5:$B$44,2,Scores!$C$5:$C$44,"Paper condition",Scores!J$5:J$44,">=0")/12*(((COUNTIFS(Scores!$B$5:$B$44,2,Scores!$C$5:$C$44,"Tool condition",Scores!J$5:J$44,">=0")+COUNTIFS(Scores!$B$5:$B$44,2,Scores!$C$5:$C$44,"Paper condition",Scores!J$5:J$44,">=0"))+1)-SUM(Helper!AD$5:AD$44)/((COUNTIFS(Scores!$B$5:$B$44,2,Scores!$C$5:$C$44,"Tool condition",Scores!J$5:J$44,">=0")+COUNTIFS(Scores!$B$5:$B$44,2,Scores!$C$5:$C$44,"Paper condition",Scores!J$5:J$44,">=0"))*((COUNTIFS(Scores!$B$5:$B$44,2,Scores!$C$5:$C$44,"Tool condition",Scores!J$5:J$44,">=0")+COUNTIFS(Scores!$B$5:$B$44,2,Scores!$C$5:$C$44,"Paper condition",Scores!J$5:J$44,">=0"))-1))))))))) -> 0.69337636 | R12: =IF(Q12="","",INDEX(Helper!$H$100:$H$111,RANK(Q12,Analysis!$Q$7:$Q$18,1)+COUNTIF(Analysis!$Q$7:$Q$18,Q12)-1)) -> 1 | S12: =IF(P12="","",2*P12/(COUNTIFS(Scores!$B$5:$B$44,2,Scores!$C$5:$C$44,"Tool condition",Scores!J$5:J$44,">=0")*COUNTIFS(Scores!$B$5:$B$44,2,Scores!$C$5:$C$44,"Paper condition",Scores!J$5:J$44,">=0"))-1) -> 0.1
A13: T7 | B13: =IF(Tasks!$G$8="No","",Tasks!E8&"") -> Block | C13: =IF(Tasks!$G$8="No","",Tasks!D8&"") -> Model | D13: =IF(Tasks!$G$8="No","",COUNTIFS(Scores!$B$5:$B$44,1,Scores!$C$5:$C$44,"Tool condition",Scores!K$5:K$44,2)) -> 10 | E13: =IF(Tasks!$G$8="No","",COUNTIFS(Scores!$B$5:$B$44,1,Scores!$C$5:$C$44,"Paper condition",Scores!K$5:K$44,2)) -> 6 | F13: =IF(Tasks!$G$8="No","",COUNTIFS(Scores!$B$5:$B$44,2,Scores!$C$5:$C$44,"Tool condition",Scores!K$5:K$44,2)) -> 6 | G13: =IF(Tasks!$G$8="No","",COUNTIFS(Scores!$B$5:$B$44,2,Scores!$C$5:$C$44,"Paper condition",Scores!K$5:K$44,2)) -> 3 | H13: =IF(Tasks!$G$8="No","",IFERROR(AVERAGEIFS(Scores!K$5:K$44,Scores!$B$5:$B$44,1,Scores!$C$5:$C$44,"Tool condition"),"")) -> 2 | I13: =IF(Tasks!$G$8="No","",IFERROR(AVERAGEIFS(Scores!K$5:K$44,Scores!$B$5:$B$44,1,Scores!$C$5:$C$44,"Paper condition"),"")) -> 1.6 | J13: =IF(Tasks!$G$8="No","",IFERROR(AVERAGEIFS(Scores!K$5:K$44,Scores!$B$5:$B$44,2,Scores!$C$5:$C$44,"Tool condition"),"")) -> 1.6 | K13: =IF(Tasks!$G$8="No","",IFERROR(AVERAGEIFS(Scores!K$5:K$44,Scores!$B$5:$B$44,2,Scores!$C$5:$C$44,"Paper condition"),"")) -> 1.3 | L13: =IF(Tasks!$G$8="No","",IF(OR(COUNTIFS(Scores!$B$5:$B$44,1,Scores!$C$5:$C$44,"Tool condition",Scores!K$5:K$44,">=0")=0,COUNTIFS(Scores!$B$5:$B$44,1,Scores!$C$5:$C$44,"Paper condition",Scores!K$5:K$44,">=0")=0),"",SUM(Helper!AF$5:AF$44))) -> 70 | M13: =IF(L13="","",IF(SQRT(COUNTIFS(Scores!$B$5:$B$44,1,Scores!$C$5:$C$44,"Tool condition",Scores!K$5:K$44,">=0")*COUNTIFS(Scores!$B$5:$B$44,1,Scores!$C$5:$C$44,"Paper condition",Scores!K$5:K$44,">=0")/12*(((COUNTIFS(Scores!$B$5:$B$44,1,Scores!$C$5:$C$44,"Tool condition",Scores!K$5:K$44,">=0")+COUNTIFS(Scores!$B$5:$B$44,1,Scores!$C$5:$C$44,"Paper condition",Scores!K$5:K$44,">=0"))+1)-SUM(Helper!AG$5:AG$44)/((COUNTIFS(Scores!$B$5:$B$44,1,Scores!$C$5:$C$44,"Tool condition",Scores!K$5:K$44,">=0")+COUNTIFS(Scores!$B$5:$B$44,1,Scores!$C$5:$C$44,"Paper condition",Scores!K$5:K$44,">=0"))*((COUNTIFS(Scores!$B$5:$B$44,1,Scores!$C$5:$C$44,"Tool condition",Scores!K$5:K$44,">=0")+COUNTIFS(Scores!$B$5:$B$44,1,Scores!$C$5:$C$44,"Paper condition",Scores!K$5:K$44,">=0"))-1))))=0,1,MIN(1,2*(1-NORMSDIST((ABS(L13-COUNTIFS(Scores!$B$5:$B$44,1,Scores!$C$5:$C$44,"Tool condition",Scores!K$5:K$44,">=0")*COUNTIFS(Scores!$B$5:$B$44,1,Scores!$C$5:$C$44,"Paper condition",Scores!K$5:K$44,">=0")/2)-0.5)/SQRT(COUNTIFS(Scores!$B$5:$B$44,1,Scores!$C$5:$C$44,"Tool condition",Scores!K$5:K$44,">=0")*COUNTIFS(Scores!$B$5:$B$44,1,Scores!$C$5:$C$44,"Paper condition",Scores!K$5:K$44,">=0")/12*(((COUNTIFS(Scores!$B$5:$B$44,1,Scores!$C$5:$C$44,"Tool condition",Scores!K$5:K$44,">=0")+COUNTIFS(Scores!$B$5:$B$44,1,Scores!$C$5:$C$44,"Paper condition",Scores!K$5:K$44,">=0"))+1)-SUM(Helper!AG$5:AG$44)/((COUNTIFS(Scores!$B$5:$B$44,1,Scores!$C$5:$C$44,"Tool condition",Scores!K$5:K$44,">=0")+COUNTIFS(Scores!$B$5:$B$44,1,Scores!$C$5:$C$44,"Paper condition",Scores!K$5:K$44,">=0"))*((COUNTIFS(Scores!$B$5:$B$44,1,Scores!$C$5:$C$44,"Tool condition",Scores!K$5:K$44,">=0")+COUNTIFS(Scores!$B$5:$B$44,1,Scores!$C$5:$C$44,"Paper condition",Scores!K$5:K$44,">=0"))-1))))))))) -> 0.033589681 | N13: =IF(M13="","",INDEX(Helper!$D$100:$D$111,RANK(M13,Analysis!$M$7:$M$18,1)+COUNTIF(Analysis!$M$7:$M$18,M13)-1)) -> 0.20153808 | O13: =IF(L13="","",2*L13/(COUNTIFS(Scores!$B$5:$B$44,1,Scores!$C$5:$C$44,"Tool condition",Scores!K$5:K$44,">=0")*COUNTIFS(Scores!$B$5:$B$44,1,Scores!$C$5:$C$44,"Paper condition",Scores!K$5:K$44,">=0"))-1) -> 0.4 | P13: =IF(Tasks!$G$8="No","",IF(OR(COUNTIFS(Scores!$B$5:$B$44,2,Scores!$C$5:$C$44,"Tool condition",Scores!K$5:K$44,">=0")=0,COUNTIFS(Scores!$B$5:$B$44,2,Scores!$C$5:$C$44,"Paper condition",Scores!K$5:K$44,">=0")=0),"",SUM(Helper!AH$5:AH$44))) -> 65 | Q13: =IF(P13="","",IF(SQRT(COUNTIFS(Scores!$B$5:$B$44,2,Scores!$C$5:$C$44,"Tool condition",Scores!K$5:K$44,">=0")*COUNTIFS(Scores!$B$5:$B$44,2,Scores!$C$5:$C$44,"Paper condition",Scores!K$5:K$44,">=0")/12*(((COUNTIFS(Scores!$B$5:$B$44,2,Scores!$C$5:$C$44,"Tool condition",Scores!K$5:K$44,">=0")+COUNTIFS(Scores!$B$5:$B$44,2,Scores!$C$5:$C$44,"Paper condition",Scores!K$5:K$44,">=0"))+1)-SUM(Helper!AI$5:AI$44)/((COUNTIFS(Scores!$B$5:$B$44,2,Scores!$C$5:$C$44,"Tool condition",Scores!K$5:K$44,">=0")+COUNTIFS(Scores!$B$5:$B$44,2,Scores!$C$5:$C$44,"Paper condition",Scores!K$5:K$44,">=0"))*((COUNTIFS(Scores!$B$5:$B$44,2,Scores!$C$5:$C$44,"Tool condition",Scores!K$5:K$44,">=0")+COUNTIFS(Scores!$B$5:$B$44,2,Scores!$C$5:$C$44,"Paper condition",Scores!K$5:K$44,">=0"))-1))))=0,1,MIN(1,2*(1-NORMSDIST((ABS(P13-COUNTIFS(Scores!$B$5:$B$44,2,Scores!$C$5:$C$44,"Tool condition",Scores!K$5:K$44,">=0")*COUNTIFS(Scores!$B$5:$B$44,2,Scores!$C$5:$C$44,"Paper condition",Scores!K$5:K$44,">=0")/2)-0.5)/SQRT(COUNTIFS(Scores!$B$5:$B$44,2,Scores!$C$5:$C$44,"Tool condition",Scores!K$5:K$44,">=0")*COUNTIFS(Scores!$B$5:$B$44,2,Scores!$C$5:$C$44,"Paper condition",Scores!K$5:K$44,">=0")/12*(((COUNTIFS(Scores!$B$5:$B$44,2,Scores!$C$5:$C$44,"Tool condition",Scores!K$5:K$44,">=0")+COUNTIFS(Scores!$B$5:$B$44,2,Scores!$C$5:$C$44,"Paper condition",Scores!K$5:K$44,">=0"))+1)-SUM(Helper!AI$5:AI$44)/((COUNTIFS(Scores!$B$5:$B$44,2,Scores!$C$5:$C$44,"Tool condition",Scores!K$5:K$44,">=0")+COUNTIFS(Scores!$B$5:$B$44,2,Scores!$C$5:$C$44,"Paper condition",Scores!K$5:K$44,">=0"))*((COUNTIFS(Scores!$B$5:$B$44,2,Scores!$C$5:$C$44,"Tool condition",Scores!K$5:K$44,">=0")+COUNTIFS(Scores!$B$5:$B$44,2,Scores!$C$5:$C$44,"Paper condition",Scores!K$5:K$44,">=0"))-1))))))))) -> 0.20392477 | R13: =IF(Q13="","",INDEX(Helper!$H$100:$H$111,RANK(Q13,Analysis!$Q$7:$Q$18,1)+COUNTIF(Analysis!$Q$7:$Q$18,Q13)-1)) -> 1 | S13: =IF(P13="","",2*P13/(COUNTIFS(Scores!$B$5:$B$44,2,Scores!$C$5:$C$44,"Tool condition",Scores!K$5:K$44,">=0")*COUNTIFS(Scores!$B$5:$B$44,2,Scores!$C$5:$C$44,"Paper condition",Scores!K$5:K$44,">=0"))-1) -> 0.3
A14: T8 | B14: =IF(Tasks!$G$9="No","",Tasks!E9&"") -> Block | C14: =IF(Tasks!$G$9="No","",Tasks!D9&"") -> Derivation | D14: =IF(Tasks!$G$9="No","",COUNTIFS(Scores!$B$5:$B$44,1,Scores!$C$5:$C$44,"Tool condition",Scores!L$5:L$44,2)) -> 10 | E14: =IF(Tasks!$G$9="No","",COUNTIFS(Scores!$B$5:$B$44,1,Scores!$C$5:$C$44,"Paper condition",Scores!L$5:L$44,2)) -> 7 | F14: =IF(Tasks!$G$9="No","",COUNTIFS(Scores!$B$5:$B$44,2,Scores!$C$5:$C$44,"Tool condition",Scores!L$5:L$44,2)) -> 5 | G14: =IF(Tasks!$G$9="No","",COUNTIFS(Scores!$B$5:$B$44,2,Scores!$C$5:$C$44,"Paper condition",Scores!L$5:L$44,2)) -> 5 | H14: =IF(Tasks!$G$9="No","",IFERROR(AVERAGEIFS(Scores!L$5:L$44,Scores!$B$5:$B$44,1,Scores!$C$5:$C$44,"Tool condition"),"")) -> 2 | I14: =IF(Tasks!$G$9="No","",IFERROR(AVERAGEIFS(Scores!L$5:L$44,Scores!$B$5:$B$44,1,Scores!$C$5:$C$44,"Paper condition"),"")) -> 1.7 | J14: =IF(Tasks!$G$9="No","",IFERROR(AVERAGEIFS(Scores!L$5:L$44,Scores!$B$5:$B$44,2,Scores!$C$5:$C$44,"Tool condition"),"")) -> 1.5 | K14: =IF(Tasks!$G$9="No","",IFERROR(AVERAGEIFS(Scores!L$5:L$44,Scores!$B$5:$B$44,2,Scores!$C$5:$C$44,"Paper condition"),"")) -> 1.5 | L14: =IF(Tasks!$G$9="No","",IF(OR(COUNTIFS(Scores!$B$5:$B$44,1,Scores!$C$5:$C$44,"Tool condition",Scores!L$5:L$44,">=0")=0,COUNTIFS(Scores!$B$5:$B$44,1,Scores!$C$5:$C$44,"Paper condition",Scores!L$5:L$44,">=0")=0),"",SUM(Helper!AK$5:AK$44))) -> 65 | M14: =IF(L14="","",IF(SQRT(COUNTIFS(Scores!$B$5:$B$44,1,Scores!$C$5:$C$44,"Tool condition",Scores!L$5:L$44,">=0")*COUNTIFS(Scores!$B$5:$B$44,1,Scores!$C$5:$C$44,"Paper condition",Scores!L$5:L$44,">=0")/12*(((COUNTIFS(Scores!$B$5:$B$44,1,Scores!$C$5:$C$44,"Tool condition",Scores!L$5:L$44,">=0")+COUNTIFS(Scores!$B$5:$B$44,1,Scores!$C$5:$C$44,"Paper condition",Scores!L$5:L$44,">=0"))+1)-SUM(Helper!AL$5:AL$44)/((COUNTIFS(Scores!$B$5:$B$44,1,Scores!$C$5:$C$44,"Tool condition",Scores!L$5:L$44,">=0")+COUNTIFS(Scores!$B$5:$B$44,1,Scores!$C$5:$C$44,"Paper condition",Scores!L$5:L$44,">=0"))*((COUNTIFS(Scores!$B$5:$B$44,1,Scores!$C$5:$C$44,"Tool condition",Scores!L$5:L$44,">=0")+COUNTIFS(Scores!$B$5:$B$44,1,Scores!$C$5:$C$44,"Paper condition",Scores!L$5:L$44,">=0"))-1))))=0,1,MIN(1,2*(1-NORMSDIST((ABS(L14-COUNTIFS(Scores!$B$5:$B$44,1,Scores!$C$5:$C$44,"Tool condition",Scores!L$5:L$44,">=0")*COUNTIFS(Scores!$B$5:$B$44,1,Scores!$C$5:$C$44,"Paper condition",Scores!L$5:L$44,">=0")/2)-0.5)/SQRT(COUNTIFS(Scores!$B$5:$B$44,1,Scores!$C$5:$C$44,"Tool condition",Scores!L$5:L$44,">=0")*COUNTIFS(Scores!$B$5:$B$44,1,Scores!$C$5:$C$44,"Paper condition",Scores!L$5:L$44,">=0")/12*(((COUNTIFS(Scores!$B$5:$B$44,1,Scores!$C$5:$C$44,"Tool condition",Scores!L$5:L$44,">=0")+COUNTIFS(Scores!$B$5:$B$44,1,Scores!$C$5:$C$44,"Paper condition",Scores!L$5:L$44,">=0"))+1)-SUM(Helper!AL$5:AL$44)/((COUNTIFS(Scores!$B$5:$B$44,1,Scores!$C$5:$C$44,"Tool condition",Scores!L$5:L$44,">=0")+COUNTIFS(Scores!$B$5:$B$44,1,Scores!$C$5:$C$44,"Paper condition",Scores!L$5:L$44,">=0"))*((COUNTIFS(Scores!$B$5:$B$44,1,Scores!$C$5:$C$44,"Tool condition",Scores!L$5:L$44,">=0")+COUNTIFS(Scores!$B$5:$B$44,1,Scores!$C$5:$C$44,"Paper condition",Scores!L$5:L$44,">=0"))-1))))))))) -> 0.076715977 | N14: =IF(M14="","",INDEX(Helper!$D$100:$D$111,RANK(M14,Analysis!$M$7:$M$18,1)+COUNTIF(Analysis!$M$7:$M$18,M14)-1)) -> 0.23014793 | O14: =IF(L14="","",2*L14/(COUNTIFS(Scores!$B$5:$B$44,1,Scores!$C$5:$C$44,"Tool condition",Scores!L$5:L$44,">=0")*COUNTIFS(Scores!$B$5:$B$44,1,Scores!$C$5:$C$44,"Paper condition",Scores!L$5:L$44,">=0"))-1) -> 0.3 | P14: =IF(Tasks!$G$9="No","",IF(OR(COUNTIFS(Scores!$B$5:$B$44,2,Scores!$C$5:$C$44,"Tool condition",Scores!L$5:L$44,">=0")=0,COUNTIFS(Scores!$B$5:$B$44,2,Scores!$C$5:$C$44,"Paper condition",Scores!L$5:L$44,">=0")=0),"",SUM(Helper!AM$5:AM$44))) -> 50 | Q14: =IF(P14="","",IF(SQRT(COUNTIFS(Scores!$B$5:$B$44,2,Scores!$C$5:$C$44,"Tool condition",Scores!L$5:L$44,">=0")*COUNTIFS(Scores!$B$5:$B$44,2,Scores!$C$5:$C$44,"Paper condition",Scores!L$5:L$44,">=0")/12*(((COUNTIFS(Scores!$B$5:$B$44,2,Scores!$C$5:$C$44,"Tool condition",Scores!L$5:L$44,">=0")+COUNTIFS(Scores!$B$5:$B$44,2,Scores!$C$5:$C$44,"Paper condition",Scores!L$5:L$44,">=0"))+1)-SUM(Helper!AN$5:AN$44)/((COUNTIFS(Scores!$B$5:$B$44,2,Scores!$C$5:$C$44,"Tool condition",Scores!L$5:L$44,">=0")+COUNTIFS(Scores!$B$5:$B$44,2,Scores!$C$5:$C$44,"Paper condition",Scores!L$5:L$44,">=0"))*((COUNTIFS(Scores!$B$5:$B$44,2,Scores!$C$5:$C$44,"Tool condition",Scores!L$5:L$44,">=0")+COUNTIFS(Scores!$B$5:$B$44,2,Scores!$C$5:$C$44,"Paper condition",Scores!L$5:L$44,">=0"))-1))))=0,1,MIN(1,2*(1-NORMSDIST((ABS(P14-COUNTIFS(Scores!$B$5:$B$44,2,Scores!$C$5:$C$44,"Tool condition",Scores!L$5:L$44,">=0")*COUNTIFS(Scores!$B$5:$B$44,2,Scores!$C$5:$C$44,"Paper condition",Scores!L$5:L$44,">=0")/2)-0.5)/SQRT(COUNTIFS(Scores!$B$5:$B$44,2,Scores!$C$5:$C$44,"Tool condition",Scores!L$5:L$44,">=0")*COUNTIFS(Scores!$B$5:$B$44,2,Scores!$C$5:$C$44,"Paper condition",Scores!L$5:L$44,">=0")/12*(((COUNTIFS(Scores!$B$5:$B$44,2,Scores!$C$5:$C$44,"Tool condition",Scores!L$5:L$44,">=0")+COUNTIFS(Scores!$B$5:$B$44,2,Scores!$C$5:$C$44,"Paper condition",Scores!L$5:L$44,">=0"))+1)-SUM(Helper!AN$5:AN$44)/((COUNTIFS(Scores!$B$5:$B$44,2,Scores!$C$5:$C$44,"Tool condition",Scores!L$5:L$44,">=0")+COUNTIFS(Scores!$B$5:$B$44,2,Scores!$C$5:$C$44,"Paper condition",Scores!L$5:L$44,">=0"))*((COUNTIFS(Scores!$B$5:$B$44,2,Scores!$C$5:$C$44,"Tool condition",Scores!L$5:L$44,">=0")+COUNTIFS(Scores!$B$5:$B$44,2,Scores!$C$5:$C$44,"Paper condition",Scores!L$5:L$44,">=0"))-1))))))))) -> 1 | R14: =IF(Q14="","",INDEX(Helper!$H$100:$H$111,RANK(Q14,Analysis!$Q$7:$Q$18,1)+COUNTIF(Analysis!$Q$7:$Q$18,Q14)-1)) -> 1 | S14: =IF(P14="","",2*P14/(COUNTIFS(Scores!$B$5:$B$44,2,Scores!$C$5:$C$44,"Tool condition",Scores!L$5:L$44,">=0")*COUNTIFS(Scores!$B$5:$B$44,2,Scores!$C$5:$C$44,"Paper condition",Scores!L$5:L$44,">=0"))-1) -> 0
A15: T9 | B15: =IF(Tasks!$G$10="No","",Tasks!E10&"") -> Block | C15: =IF(Tasks!$G$10="No","",Tasks!D10&"") -> Code | D15: =IF(Tasks!$G$10="No","",COUNTIFS(Scores!$B$5:$B$44,1,Scores!$C$5:$C$44,"Tool condition",Scores!M$5:M$44,2)) -> 10 | E15: =IF(Tasks!$G$10="No","",COUNTIFS(Scores!$B$5:$B$44,1,Scores!$C$5:$C$44,"Paper condition",Scores!M$5:M$44,2)) -> 7 | F15: =IF(Tasks!$G$10="No","",COUNTIFS(Scores!$B$5:$B$44,2,Scores!$C$5:$C$44,"Tool condition",Scores!M$5:M$44,2)) -> 4 | G15: =IF(Tasks!$G$10="No","",COUNTIFS(Scores!$B$5:$B$44,2,Scores!$C$5:$C$44,"Paper condition",Scores!M$5:M$44,2)) -> 4 | H15: =IF(Tasks!$G$10="No","",IFERROR(AVERAGEIFS(Scores!M$5:M$44,Scores!$B$5:$B$44,1,Scores!$C$5:$C$44,"Tool condition"),"")) -> 2 | I15: =IF(Tasks!$G$10="No","",IFERROR(AVERAGEIFS(Scores!M$5:M$44,Scores!$B$5:$B$44,1,Scores!$C$5:$C$44,"Paper condition"),"")) -> 1.7 | J15: =IF(Tasks!$G$10="No","",IFERROR(AVERAGEIFS(Scores!M$5:M$44,Scores!$B$5:$B$44,2,Scores!$C$5:$C$44,"Tool condition"),"")) -> 1.2 | K15: =IF(Tasks!$G$10="No","",IFERROR(AVERAGEIFS(Scores!M$5:M$44,Scores!$B$5:$B$44,2,Scores!$C$5:$C$44,"Paper condition"),"")) -> 1.3 | L15: =IF(Tasks!$G$10="No","",IF(OR(COUNTIFS(Scores!$B$5:$B$44,1,Scores!$C$5:$C$44,"Tool condition",Scores!M$5:M$44,">=0")=0,COUNTIFS(Scores!$B$5:$B$44,1,Scores!$C$5:$C$44,"Paper condition",Scores!M$5:M$44,">=0")=0),"",SUM(Helper!AP$5:AP$44))) -> 65 | M15: =IF(L15="","",IF(SQRT(COUNTIFS(Scores!$B$5:$B$44,1,Scores!$C$5:$C$44,"Tool condition",Scores!M$5:M$44,">=0")*COUNTIFS(Scores!$B$5:$B$44,1,Scores!$C$5:$C$44,"Paper condition",Scores!M$5:M$44,">=0")/12*(((COUNTIFS(Scores!$B$5:$B$44,1,Scores!$C$5:$C$44,"Tool condition",Scores!M$5:M$44,">=0")+COUNTIFS(Scores!$B$5:$B$44,1,Scores!$C$5:$C$44,"Paper condition",Scores!M$5:M$44,">=0"))+1)-SUM(Helper!AQ$5:AQ$44)/((COUNTIFS(Scores!$B$5:$B$44,1,Scores!$C$5:$C$44,"Tool condition",Scores!M$5:M$44,">=0")+COUNTIFS(Scores!$B$5:$B$44,1,Scores!$C$5:$C$44,"Paper condition",Scores!M$5:M$44,">=0"))*((COUNTIFS(Scores!$B$5:$B$44,1,Scores!$C$5:$C$44,"Tool condition",Scores!M$5:M$44,">=0")+COUNTIFS(Scores!$B$5:$B$44,1,Scores!$C$5:$C$44,"Paper condition",Scores!M$5:M$44,">=0"))-1))))=0,1,MIN(1,2*(1-NORMSDIST((ABS(L15-COUNTIFS(Scores!$B$5:$B$44,1,Scores!$C$5:$C$44,"Tool condition",Scores!M$5:M$44,">=0")*COUNTIFS(Scores!$B$5:$B$44,1,Scores!$C$5:$C$44,"Paper condition",Scores!M$5:M$44,">=0")/2)-0.5)/SQRT(COUNTIFS(Scores!$B$5:$B$44,1,Scores!$C$5:$C$44,"Tool condition",Scores!M$5:M$44,">=0")*COUNTIFS(Scores!$B$5:$B$44,1,Scores!$C$5:$C$44,"Paper condition",Scores!M$5:M$44,">=0")/12*(((COUNTIFS(Scores!$B$5:$B$44,1,Scores!$C$5:$C$44,"Tool condition",Scores!M$5:M$44,">=0")+COUNTIFS(Scores!$B$5:$B$44,1,Scores!$C$5:$C$44,"Paper condition",Scores!M$5:M$44,">=0"))+1)-SUM(Helper!AQ$5:AQ$44)/((COUNTIFS(Scores!$B$5:$B$44,1,Scores!$C$5:$C$44,"Tool condition",Scores!M$5:M$44,">=0")+COUNTIFS(Scores!$B$5:$B$44,1,Scores!$C$5:$C$44,"Paper condition",Scores!M$5:M$44,">=0"))*((COUNTIFS(Scores!$B$5:$B$44,1,Scores!$C$5:$C$44,"Tool condition",Scores!M$5:M$44,">=0")+COUNTIFS(Scores!$B$5:$B$44,1,Scores!$C$5:$C$44,"Paper condition",Scores!M$5:M$44,">=0"))-1))))))))) -> 0.076715977 | N15: =IF(M15="","",INDEX(Helper!$D$100:$D$111,RANK(M15,Analysis!$M$7:$M$18,1)+COUNTIF(Analysis!$M$7:$M$18,M15)-1)) -> 0.23014793 | O15: =IF(L15="","",2*L15/(COUNTIFS(Scores!$B$5:$B$44,1,Scores!$C$5:$C$44,"Tool condition",Scores!M$5:M$44,">=0")*COUNTIFS(Scores!$B$5:$B$44,1,Scores!$C$5:$C$44,"Paper condition",Scores!M$5:M$44,">=0"))-1) -> 0.3 | P15: =IF(Tasks!$G$10="No","",IF(OR(COUNTIFS(Scores!$B$5:$B$44,2,Scores!$C$5:$C$44,"Tool condition",Scores!M$5:M$44,">=0")=0,COUNTIFS(Scores!$B$5:$B$44,2,Scores!$C$5:$C$44,"Paper condition",Scores!M$5:M$44,">=0")=0),"",SUM(Helper!AR$5:AR$44))) -> 47 | Q15: =IF(P15="","",IF(SQRT(COUNTIFS(Scores!$B$5:$B$44,2,Scores!$C$5:$C$44,"Tool condition",Scores!M$5:M$44,">=0")*COUNTIFS(Scores!$B$5:$B$44,2,Scores!$C$5:$C$44,"Paper condition",Scores!M$5:M$44,">=0")/12*(((COUNTIFS(Scores!$B$5:$B$44,2,Scores!$C$5:$C$44,"Tool condition",Scores!M$5:M$44,">=0")+COUNTIFS(Scores!$B$5:$B$44,2,Scores!$C$5:$C$44,"Paper condition",Scores!M$5:M$44,">=0"))+1)-SUM(Helper!AS$5:AS$44)/((COUNTIFS(Scores!$B$5:$B$44,2,Scores!$C$5:$C$44,"Tool condition",Scores!M$5:M$44,">=0")+COUNTIFS(Scores!$B$5:$B$44,2,Scores!$C$5:$C$44,"Paper condition",Scores!M$5:M$44,">=0"))*((COUNTIFS(Scores!$B$5:$B$44,2,Scores!$C$5:$C$44,"Tool condition",Scores!M$5:M$44,">=0")+COUNTIFS(Scores!$B$5:$B$44,2,Scores!$C$5:$C$44,"Paper condition",Scores!M$5:M$44,">=0"))-1))))=0,1,MIN(1,2*(1-NORMSDIST((ABS(P15-COUNTIFS(Scores!$B$5:$B$44,2,Scores!$C$5:$C$44,"Tool condition",Scores!M$5:M$44,">=0")*COUNTIFS(Scores!$B$5:$B$44,2,Scores!$C$5:$C$44,"Paper condition",Scores!M$5:M$44,">=0")/2)-0.5)/SQRT(COUNTIFS(Scores!$B$5:$B$44,2,Scores!$C$5:$C$44,"Tool condition",Scores!M$5:M$44,">=0")*COUNTIFS(Scores!$B$5:$B$44,2,Scores!$C$5:$C$44,"Paper condition",Scores!M$5:M$44,">=0")/12*(((COUNTIFS(Scores!$B$5:$B$44,2,Scores!$C$5:$C$44,"Tool condition",Scores!M$5:M$44,">=0")+COUNTIFS(Scores!$B$5:$B$44,2,Scores!$C$5:$C$44,"Paper condition",Scores!M$5:M$44,">=0"))+1)-SUM(Helper!AS$5:AS$44)/((COUNTIFS(Scores!$B$5:$B$44,2,Scores!$C$5:$C$44,"Tool condition",Scores!M$5:M$44,">=0")+COUNTIFS(Scores!$B$5:$B$44,2,Scores!$C$5:$C$44,"Paper condition",Scores!M$5:M$44,">=0"))*((COUNTIFS(Scores!$B$5:$B$44,2,Scores!$C$5:$C$44,"Tool condition",Scores!M$5:M$44,">=0")+COUNTIFS(Scores!$B$5:$B$44,2,Scores!$C$5:$C$44,"Paper condition",Scores!M$5:M$44,">=0"))-1))))))))) -> 0.8369823 | R15: =IF(Q15="","",INDEX(Helper!$H$100:$H$111,RANK(Q15,Analysis!$Q$7:$Q$18,1)+COUNTIF(Analysis!$Q$7:$Q$18,Q15)-1)) -> 1 | S15: =IF(P15="","",2*P15/(COUNTIFS(Scores!$B$5:$B$44,2,Scores!$C$5:$C$44,"Tool condition",Scores!M$5:M$44,">=0")*COUNTIFS(Scores!$B$5:$B$44,2,Scores!$C$5:$C$44,"Paper condition",Scores!M$5:M$44,">=0"))-1) -> -0.06
A16: T10 | B16: =IF(Tasks!$G$11="No","",Tasks!E11&"") -> Block | C16: =IF(Tasks!$G$11="No","",Tasks!D11&"") -> Code | D16: =IF(Tasks!$G$11="No","",COUNTIFS(Scores!$B$5:$B$44,1,Scores!$C$5:$C$44,"Tool condition",Scores!N$5:N$44,2)) -> 10 | E16: =IF(Tasks!$G$11="No","",COUNTIFS(Scores!$B$5:$B$44,1,Scores!$C$5:$C$44,"Paper condition",Scores!N$5:N$44,2)) -> 4 | F16: =IF(Tasks!$G$11="No","",COUNTIFS(Scores!$B$5:$B$44,2,Scores!$C$5:$C$44,"Tool condition",Scores!N$5:N$44,2)) -> 3 | G16: =IF(Tasks!$G$11="No","",COUNTIFS(Scores!$B$5:$B$44,2,Scores!$C$5:$C$44,"Paper condition",Scores!N$5:N$44,2)) -> 3 | H16: =IF(Tasks!$G$11="No","",IFERROR(AVERAGEIFS(Scores!N$5:N$44,Scores!$B$5:$B$44,1,Scores!$C$5:$C$44,"Tool condition"),"")) -> 2 | I16: =IF(Tasks!$G$11="No","",IFERROR(AVERAGEIFS(Scores!N$5:N$44,Scores!$B$5:$B$44,1,Scores!$C$5:$C$44,"Paper condition"),"")) -> 1.2 | J16: =IF(Tasks!$G$11="No","",IFERROR(AVERAGEIFS(Scores!N$5:N$44,Scores!$B$5:$B$44,2,Scores!$C$5:$C$44,"Tool condition"),"")) -> 1 | K16: =IF(Tasks!$G$11="No","",IFERROR(AVERAGEIFS(Scores!N$5:N$44,Scores!$B$5:$B$44,2,Scores!$C$5:$C$44,"Paper condition"),"")) -> 1.1 | L16: =IF(Tasks!$G$11="No","",IF(OR(COUNTIFS(Scores!$B$5:$B$44,1,Scores!$C$5:$C$44,"Tool condition",Scores!N$5:N$44,">=0")=0,COUNTIFS(Scores!$B$5:$B$44,1,Scores!$C$5:$C$44,"Paper condition",Scores!N$5:N$44,">=0")=0),"",SUM(Helper!AU$5:AU$44))) -> 80 | M16: =IF(L16="","",IF(SQRT(COUNTIFS(Scores!$B$5:$B$44,1,Scores!$C$5:$C$44,"Tool condition",Scores!N$5:N$44,">=0")*COUNTIFS(Scores!$B$5:$B$44,1,Scores!$C$5:$C$44,"Paper condition",Scores!N$5:N$44,">=0")/12*(((COUNTIFS(Scores!$B$5:$B$44,1,Scores!$C$5:$C$44,"Tool condition",Scores!N$5:N$44,">=0")+COUNTIFS(Scores!$B$5:$B$44,1,Scores!$C$5:$C$44,"Paper condition",Scores!N$5:N$44,">=0"))+1)-SUM(Helper!AV$5:AV$44)/((COUNTIFS(Scores!$B$5:$B$44,1,Scores!$C$5:$C$44,"Tool condition",Scores!N$5:N$44,">=0")+COUNTIFS(Scores!$B$5:$B$44,1,Scores!$C$5:$C$44,"Paper condition",Scores!N$5:N$44,">=0"))*((COUNTIFS(Scores!$B$5:$B$44,1,Scores!$C$5:$C$44,"Tool condition",Scores!N$5:N$44,">=0")+COUNTIFS(Scores!$B$5:$B$44,1,Scores!$C$5:$C$44,"Paper condition",Scores!N$5:N$44,">=0"))-1))))=0,1,MIN(1,2*(1-NORMSDIST((ABS(L16-COUNTIFS(Scores!$B$5:$B$44,1,Scores!$C$5:$C$44,"Tool condition",Scores!N$5:N$44,">=0")*COUNTIFS(Scores!$B$5:$B$44,1,Scores!$C$5:$C$44,"Paper condition",Scores!N$5:N$44,">=0")/2)-0.5)/SQRT(COUNTIFS(Scores!$B$5:$B$44,1,Scores!$C$5:$C$44,"Tool condition",Scores!N$5:N$44,">=0")*COUNTIFS(Scores!$B$5:$B$44,1,Scores!$C$5:$C$44,"Paper condition",Scores!N$5:N$44,">=0")/12*(((COUNTIFS(Scores!$B$5:$B$44,1,Scores!$C$5:$C$44,"Tool condition",Scores!N$5:N$44,">=0")+COUNTIFS(Scores!$B$5:$B$44,1,Scores!$C$5:$C$44,"Paper condition",Scores!N$5:N$44,">=0"))+1)-SUM(Helper!AV$5:AV$44)/((COUNTIFS(Scores!$B$5:$B$44,1,Scores!$C$5:$C$44,"Tool condition",Scores!N$5:N$44,">=0")+COUNTIFS(Scores!$B$5:$B$44,1,Scores!$C$5:$C$44,"Paper condition",Scores!N$5:N$44,">=0"))*((COUNTIFS(Scores!$B$5:$B$44,1,Scores!$C$5:$C$44,"Tool condition",Scores!N$5:N$44,">=0")+COUNTIFS(Scores!$B$5:$B$44,1,Scores!$C$5:$C$44,"Paper condition",Scores!N$5:N$44,">=0"))-1))))))))) -> 0.0056615918 | N16: =IF(M16="","",INDEX(Helper!$D$100:$D$111,RANK(M16,Analysis!$M$7:$M$18,1)+COUNTIF(Analysis!$M$7:$M$18,M16)-1)) -> 0.059558292 | O16: =IF(L16="","",2*L16/(COUNTIFS(Scores!$B$5:$B$44,1,Scores!$C$5:$C$44,"Tool condition",Scores!N$5:N$44,">=0")*COUNTIFS(Scores!$B$5:$B$44,1,Scores!$C$5:$C$44,"Paper condition",Scores!N$5:N$44,">=0"))-1) -> 0.6 | P16: =IF(Tasks!$G$11="No","",IF(OR(COUNTIFS(Scores!$B$5:$B$44,2,Scores!$C$5:$C$44,"Tool condition",Scores!N$5:N$44,">=0")=0,COUNTIFS(Scores!$B$5:$B$44,2,Scores!$C$5:$C$44,"Paper condition",Scores!N$5:N$44,">=0")=0),"",SUM(Helper!AW$5:AW$44))) -> 46.5 | Q16: =IF(P16="","",IF(SQRT(COUNTIFS(Scores!$B$5:$B$44,2,Scores!$C$5:$C$44,"Tool condition",Scores!N$5:N$44,">=0")*COUNTIFS(Scores!$B$5:$B$44,2,Scores!$C$5:$C$44,"Paper condition",Scores!N$5:N$44,">=0")/12*(((COUNTIFS(Scores!$B$5:$B$44,2,Scores!$C$5:$C$44,"Tool condition",Scores!N$5:N$44,">=0")+COUNTIFS(Scores!$B$5:$B$44,2,Scores!$C$5:$C$44,"Paper condition",Scores!N$5:N$44,">=0"))+1)-SUM(Helper!AX$5:AX$44)/((COUNTIFS(Scores!$B$5:$B$44,2,Scores!$C$5:$C$44,"Tool condition",Scores!N$5:N$44,">=0")+COUNTIFS(Scores!$B$5:$B$44,2,Scores!$C$5:$C$44,"Paper condition",Scores!N$5:N$44,">=0"))*((COUNTIFS(Scores!$B$5:$B$44,2,Scores!$C$5:$C$44,"Tool condition",Scores!N$5:N$44,">=0")+COUNTIFS(Scores!$B$5:$B$44,2,Scores!$C$5:$C$44,"Paper condition",Scores!N$5:N$44,">=0"))-1))))=0,1,MIN(1,2*(1-NORMSDIST((ABS(P16-COUNTIFS(Scores!$B$5:$B$44,2,Scores!$C$5:$C$44,"Tool condition",Scores!N$5:N$44,">=0")*COUNTIFS(Scores!$B$5:$B$44,2,Scores!$C$5:$C$44,"Paper condition",Scores!N$5:N$44,">=0")/2)-0.5)/SQRT(COUNTIFS(Scores!$B$5:$B$44,2,Scores!$C$5:$C$44,"Tool condition",Scores!N$5:N$44,">=0")*COUNTIFS(Scores!$B$5:$B$44,2,Scores!$C$5:$C$44,"Paper condition",Scores!N$5:N$44,">=0")/12*(((COUNTIFS(Scores!$B$5:$B$44,2,Scores!$C$5:$C$44,"Tool condition",Scores!N$5:N$44,">=0")+COUNTIFS(Scores!$B$5:$B$44,2,Scores!$C$5:$C$44,"Paper condition",Scores!N$5:N$44,">=0"))+1)-SUM(Helper!AX$5:AX$44)/((COUNTIFS(Scores!$B$5:$B$44,2,Scores!$C$5:$C$44,"Tool condition",Scores!N$5:N$44,">=0")+COUNTIFS(Scores!$B$5:$B$44,2,Scores!$C$5:$C$44,"Paper condition",Scores!N$5:N$44,">=0"))*((COUNTIFS(Scores!$B$5:$B$44,2,Scores!$C$5:$C$44,"Tool condition",Scores!N$5:N$44,">=0")+COUNTIFS(Scores!$B$5:$B$44,2,Scores!$C$5:$C$44,"Paper condition",Scores!N$5:N$44,">=0"))-1))))))))) -> 0.8077318 | R16: =IF(Q16="","",INDEX(Helper!$H$100:$H$111,RANK(Q16,Analysis!$Q$7:$Q$18,1)+COUNTIF(Analysis!$Q$7:$Q$18,Q16)-1)) -> 1 | S16: =IF(P16="","",2*P16/(COUNTIFS(Scores!$B$5:$B$44,2,Scores!$C$5:$C$44,"Tool condition",Scores!N$5:N$44,">=0")*COUNTIFS(Scores!$B$5:$B$44,2,Scores!$C$5:$C$44,"Paper condition",Scores!N$5:N$44,">=0"))-1) -> -0.07
A17: T11 | B17: =IF(Tasks!$G$12="No","",Tasks!E12&"") -> Gate | C17: =IF(Tasks!$G$12="No","",Tasks!D12&"") -> Derivation | D17: =IF(Tasks!$G$12="No","",COUNTIFS(Scores!$B$5:$B$44,1,Scores!$C$5:$C$44,"Tool condition",Scores!O$5:O$44,2)) -> 10 | E17: =IF(Tasks!$G$12="No","",COUNTIFS(Scores!$B$5:$B$44,1,Scores!$C$5:$C$44,"Paper condition",Scores!O$5:O$44,2)) -> 5 | F17: =IF(Tasks!$G$12="No","",COUNTIFS(Scores!$B$5:$B$44,2,Scores!$C$5:$C$44,"Tool condition",Scores!O$5:O$44,2)) -> 4 | G17: =IF(Tasks!$G$12="No","",COUNTIFS(Scores!$B$5:$B$44,2,Scores!$C$5:$C$44,"Paper condition",Scores!O$5:O$44,2)) -> 0 | H17: =IF(Tasks!$G$12="No","",IFERROR(AVERAGEIFS(Scores!O$5:O$44,Scores!$B$5:$B$44,1,Scores!$C$5:$C$44,"Tool condition"),"")) -> 2 | I17: =IF(Tasks!$G$12="No","",IFERROR(AVERAGEIFS(Scores!O$5:O$44,Scores!$B$5:$B$44,1,Scores!$C$5:$C$44,"Paper condition"),"")) -> 1.4 | J17: =IF(Tasks!$G$12="No","",IFERROR(AVERAGEIFS(Scores!O$5:O$44,Scores!$B$5:$B$44,2,Scores!$C$5:$C$44,"Tool condition"),"")) -> 1.2 | K17: =IF(Tasks!$G$12="No","",IFERROR(AVERAGEIFS(Scores!O$5:O$44,Scores!$B$5:$B$44,2,Scores!$C$5:$C$44,"Paper condition"),"")) -> 0.7 | L17: =IF(Tasks!$G$12="No","",IF(OR(COUNTIFS(Scores!$B$5:$B$44,1,Scores!$C$5:$C$44,"Tool condition",Scores!O$5:O$44,">=0")=0,COUNTIFS(Scores!$B$5:$B$44,1,Scores!$C$5:$C$44,"Paper condition",Scores!O$5:O$44,">=0")=0),"",SUM(Helper!AZ$5:AZ$44))) -> 75 | M17: =IF(L17="","",IF(SQRT(COUNTIFS(Scores!$B$5:$B$44,1,Scores!$C$5:$C$44,"Tool condition",Scores!O$5:O$44,">=0")*COUNTIFS(Scores!$B$5:$B$44,1,Scores!$C$5:$C$44,"Paper condition",Scores!O$5:O$44,">=0")/12*(((COUNTIFS(Scores!$B$5:$B$44,1,Scores!$C$5:$C$44,"Tool condition",Scores!O$5:O$44,">=0")+COUNTIFS(Scores!$B$5:$B$44,1,Scores!$C$5:$C$44,"Paper condition",Scores!O$5:O$44,">=0"))+1)-SUM(Helper!BA$5:BA$44)/((COUNTIFS(Scores!$B$5:$B$44,1,Scores!$C$5:$C$44,"Tool condition",Scores!O$5:O$44,">=0")+COUNTIFS(Scores!$B$5:$B$44,1,Scores!$C$5:$C$44,"Paper condition",Scores!O$5:O$44,">=0"))*((COUNTIFS(Scores!$B$5:$B$44,1,Scores!$C$5:$C$44,"Tool condition",Scores!O$5:O$44,">=0")+COUNTIFS(Scores!$B$5:$B$44,1,Scores!$C$5:$C$44,"Paper condition",Scores!O$5:O$44,">=0"))-1))))=0,1,MIN(1,2*(1-NORMSDIST((ABS(L17-COUNTIFS(Scores!$B$5:$B$44,1,Scores!$C$5:$C$44,"Tool condition",Scores!O$5:O$44,">=0")*COUNTIFS(Scores!$B$5:$B$44,1,Scores!$C$5:$C$44,"Paper condition",Scores!O$5:O$44,">=0")/2)-0.5)/SQRT(COUNTIFS(Scores!$B$5:$B$44,1,Scores!$C$5:$C$44,"Tool condition",Scores!O$5:O$44,">=0")*COUNTIFS(Scores!$B$5:$B$44,1,Scores!$C$5:$C$44,"Paper condition",Scores!O$5:O$44,">=0")/12*(((COUNTIFS(Scores!$B$5:$B$44,1,Scores!$C$5:$C$44,"Tool condition",Scores!O$5:O$44,">=0")+COUNTIFS(Scores!$B$5:$B$44,1,Scores!$C$5:$C$44,"Paper condition",Scores!O$5:O$44,">=0"))+1)-SUM(Helper!BA$5:BA$44)/((COUNTIFS(Scores!$B$5:$B$44,1,Scores!$C$5:$C$44,"Tool condition",Scores!O$5:O$44,">=0")+COUNTIFS(Scores!$B$5:$B$44,1,Scores!$C$5:$C$44,"Paper condition",Scores!O$5:O$44,">=0"))*((COUNTIFS(Scores!$B$5:$B$44,1,Scores!$C$5:$C$44,"Tool condition",Scores!O$5:O$44,">=0")+COUNTIFS(Scores!$B$5:$B$44,1,Scores!$C$5:$C$44,"Paper condition",Scores!O$5:O$44,">=0"))-1))))))))) -> 0.014285621 | N17: =IF(M17="","",INDEX(Helper!$D$100:$D$111,RANK(M17,Analysis!$M$7:$M$18,1)+COUNTIF(Analysis!$M$7:$M$18,M17)-1)) -> 0.11428497 | O17: =IF(L17="","",2*L17/(COUNTIFS(Scores!$B$5:$B$44,1,Scores!$C$5:$C$44,"Tool condition",Scores!O$5:O$44,">=0")*COUNTIFS(Scores!$B$5:$B$44,1,Scores!$C$5:$C$44,"Paper condition",Scores!O$5:O$44,">=0"))-1) -> 0.5 | P17: =IF(Tasks!$G$12="No","",IF(OR(COUNTIFS(Scores!$B$5:$B$44,2,Scores!$C$5:$C$44,"Tool condition",Scores!O$5:O$44,">=0")=0,COUNTIFS(Scores!$B$5:$B$44,2,Scores!$C$5:$C$44,"Paper condition",Scores!O$5:O$44,">=0")=0),"",SUM(Helper!BB$5:BB$44))) -> 69 | Q17: =IF(P17="","",IF(SQRT(COUNTIFS(Scores!$B$5:$B$44,2,Scores!$C$5:$C$44,"Tool condition",Scores!O$5:O$44,">=0")*COUNTIFS(Scores!$B$5:$B$44,2,Scores!$C$5:$C$44,"Paper condition",Scores!O$5:O$44,">=0")/12*(((COUNTIFS(Scores!$B$5:$B$44,2,Scores!$C$5:$C$44,"Tool condition",Scores!O$5:O$44,">=0")+COUNTIFS(Scores!$B$5:$B$44,2,Scores!$C$5:$C$44,"Paper condition",Scores!O$5:O$44,">=0"))+1)-SUM(Helper!BC$5:BC$44)/((COUNTIFS(Scores!$B$5:$B$44,2,Scores!$C$5:$C$44,"Tool condition",Scores!O$5:O$44,">=0")+COUNTIFS(Scores!$B$5:$B$44,2,Scores!$C$5:$C$44,"Paper condition",Scores!O$5:O$44,">=0"))*((COUNTIFS(Scores!$B$5:$B$44,2,Scores!$C$5:$C$44,"Tool condition",Scores!O$5:O$44,">=0")+COUNTIFS(Scores!$B$5:$B$44,2,Scores!$C$5:$C$44,"Paper condition",Scores!O$5:O$44,">=0"))-1))))=0,1,MIN(1,2*(1-NORMSDIST((ABS(P17-COUNTIFS(Scores!$B$5:$B$44,2,Scores!$C$5:$C$44,"Tool condition",Scores!O$5:O$44,">=0")*COUNTIFS(Scores!$B$5:$B$44,2,Scores!$C$5:$C$44,"Paper condition",Scores!O$5:O$44,">=0")/2)-0.5)/SQRT(COUNTIFS(Scores!$B$5:$B$44,2,Scores!$C$5:$C$44,"Tool condition",Scores!O$5:O$44,">=0")*COUNTIFS(Scores!$B$5:$B$44,2,Scores!$C$5:$C$44,"Paper condition",Scores!O$5:O$44,">=0")/12*(((COUNTIFS(Scores!$B$5:$B$44,2,Scores!$C$5:$C$44,"Tool condition",Scores!O$5:O$44,">=0")+COUNTIFS(Scores!$B$5:$B$44,2,Scores!$C$5:$C$44,"Paper condition",Scores!O$5:O$44,">=0"))+1)-SUM(Helper!BC$5:BC$44)/((COUNTIFS(Scores!$B$5:$B$44,2,Scores!$C$5:$C$44,"Tool condition",Scores!O$5:O$44,">=0")+COUNTIFS(Scores!$B$5:$B$44,2,Scores!$C$5:$C$44,"Paper condition",Scores!O$5:O$44,">=0"))*((COUNTIFS(Scores!$B$5:$B$44,2,Scores!$C$5:$C$44,"Tool condition",Scores!O$5:O$44,">=0")+COUNTIFS(Scores!$B$5:$B$44,2,Scores!$C$5:$C$44,"Paper condition",Scores!O$5:O$44,">=0"))-1))))))))) -> 0.12068366 | R17: =IF(Q17="","",INDEX(Helper!$H$100:$H$111,RANK(Q17,Analysis!$Q$7:$Q$18,1)+COUNTIF(Analysis!$Q$7:$Q$18,Q17)-1)) -> 1 | S17: =IF(P17="","",2*P17/(COUNTIFS(Scores!$B$5:$B$44,2,Scores!$C$5:$C$44,"Tool condition",Scores!O$5:O$44,">=0")*COUNTIFS(Scores!$B$5:$B$44,2,Scores!$C$5:$C$44,"Paper condition",Scores!O$5:O$44,">=0"))-1) -> 0.38
A18: T12 | B18: =IF(Tasks!$G$13="No","",Tasks!E13&"") -> Gate | C18: =IF(Tasks!$G$13="No","",Tasks!D13&"") -> Code | D18: =IF(Tasks!$G$13="No","",COUNTIFS(Scores!$B$5:$B$44,1,Scores!$C$5:$C$44,"Tool condition",Scores!P$5:P$44,2)) -> 10 | E18: =IF(Tasks!$G$13="No","",COUNTIFS(Scores!$B$5:$B$44,1,Scores!$C$5:$C$44,"Paper condition",Scores!P$5:P$44,2)) -> 3 | F18: =IF(Tasks!$G$13="No","",COUNTIFS(Scores!$B$5:$B$44,2,Scores!$C$5:$C$44,"Tool condition",Scores!P$5:P$44,2)) -> 0 | G18: =IF(Tasks!$G$13="No","",COUNTIFS(Scores!$B$5:$B$44,2,Scores!$C$5:$C$44,"Paper condition",Scores!P$5:P$44,2)) -> 0 | H18: =IF(Tasks!$G$13="No","",IFERROR(AVERAGEIFS(Scores!P$5:P$44,Scores!$B$5:$B$44,1,Scores!$C$5:$C$44,"Tool condition"),"")) -> 2 | I18: =IF(Tasks!$G$13="No","",IFERROR(AVERAGEIFS(Scores!P$5:P$44,Scores!$B$5:$B$44,1,Scores!$C$5:$C$44,"Paper condition"),"")) -> 1.2 | J18: =IF(Tasks!$G$13="No","",IFERROR(AVERAGEIFS(Scores!P$5:P$44,Scores!$B$5:$B$44,2,Scores!$C$5:$C$44,"Tool condition"),"")) -> 0.7 | K18: =IF(Tasks!$G$13="No","",IFERROR(AVERAGEIFS(Scores!P$5:P$44,Scores!$B$5:$B$44,2,Scores!$C$5:$C$44,"Paper condition"),"")) -> 0.5 | L18: =IF(Tasks!$G$13="No","",IF(OR(COUNTIFS(Scores!$B$5:$B$44,1,Scores!$C$5:$C$44,"Tool condition",Scores!P$5:P$44,">=0")=0,COUNTIFS(Scores!$B$5:$B$44,1,Scores!$C$5:$C$44,"Paper condition",Scores!P$5:P$44,">=0")=0),"",SUM(Helper!BE$5:BE$44))) -> 85 | M18: =IF(L18="","",IF(SQRT(COUNTIFS(Scores!$B$5:$B$44,1,Scores!$C$5:$C$44,"Tool condition",Scores!P$5:P$44,">=0")*COUNTIFS(Scores!$B$5:$B$44,1,Scores!$C$5:$C$44,"Paper condition",Scores!P$5:P$44,">=0")/12*(((COUNTIFS(Scores!$B$5:$B$44,1,Scores!$C$5:$C$44,"Tool condition",Scores!P$5:P$44,">=0")+COUNTIFS(Scores!$B$5:$B$44,1,Scores!$C$5:$C$44,"Paper condition",Scores!P$5:P$44,">=0"))+1)-SUM(Helper!BF$5:BF$44)/((COUNTIFS(Scores!$B$5:$B$44,1,Scores!$C$5:$C$44,"Tool condition",Scores!P$5:P$44,">=0")+COUNTIFS(Scores!$B$5:$B$44,1,Scores!$C$5:$C$44,"Paper condition",Scores!P$5:P$44,">=0"))*((COUNTIFS(Scores!$B$5:$B$44,1,Scores!$C$5:$C$44,"Tool condition",Scores!P$5:P$44,">=0")+COUNTIFS(Scores!$B$5:$B$44,1,Scores!$C$5:$C$44,"Paper condition",Scores!P$5:P$44,">=0"))-1))))=0,1,MIN(1,2*(1-NORMSDIST((ABS(L18-COUNTIFS(Scores!$B$5:$B$44,1,Scores!$C$5:$C$44,"Tool condition",Scores!P$5:P$44,">=0")*COUNTIFS(Scores!$B$5:$B$44,1,Scores!$C$5:$C$44,"Paper condition",Scores!P$5:P$44,">=0")/2)-0.5)/SQRT(COUNTIFS(Scores!$B$5:$B$44,1,Scores!$C$5:$C$44,"Tool condition",Scores!P$5:P$44,">=0")*COUNTIFS(Scores!$B$5:$B$44,1,Scores!$C$5:$C$44,"Paper condition",Scores!P$5:P$44,">=0")/12*(((COUNTIFS(Scores!$B$5:$B$44,1,Scores!$C$5:$C$44,"Tool condition",Scores!P$5:P$44,">=0")+COUNTIFS(Scores!$B$5:$B$44,1,Scores!$C$5:$C$44,"Paper condition",Scores!P$5:P$44,">=0"))+1)-SUM(Helper!BF$5:BF$44)/((COUNTIFS(Scores!$B$5:$B$44,1,Scores!$C$5:$C$44,"Tool condition",Scores!P$5:P$44,">=0")+COUNTIFS(Scores!$B$5:$B$44,1,Scores!$C$5:$C$44,"Paper condition",Scores!P$5:P$44,">=0"))*((COUNTIFS(Scores!$B$5:$B$44,1,Scores!$C$5:$C$44,"Tool condition",Scores!P$5:P$44,">=0")+COUNTIFS(Scores!$B$5:$B$44,1,Scores!$C$5:$C$44,"Paper condition",Scores!P$5:P$44,">=0"))-1))))))))) -> 0.0018263821 | N18: =IF(M18="","",INDEX(Helper!$D$100:$D$111,RANK(M18,Analysis!$M$7:$M$18,1)+COUNTIF(Analysis!$M$7:$M$18,M18)-1)) -> 0.021916585 | O18: =IF(L18="","",2*L18/(COUNTIFS(Scores!$B$5:$B$44,1,Scores!$C$5:$C$44,"Tool condition",Scores!P$5:P$44,">=0")*COUNTIFS(Scores!$B$5:$B$44,1,Scores!$C$5:$C$44,"Paper condition",Scores!P$5:P$44,">=0"))-1) -> 0.7 | P18: =IF(Tasks!$G$13="No","",IF(OR(COUNTIFS(Scores!$B$5:$B$44,2,Scores!$C$5:$C$44,"Tool condition",Scores!P$5:P$44,">=0")=0,COUNTIFS(Scores!$B$5:$B$44,2,Scores!$C$5:$C$44,"Paper condition",Scores!P$5:P$44,">=0")=0),"",SUM(Helper!BG$5:BG$44))) -> 60 | Q18: =IF(P18="","",IF(SQRT(COUNTIFS(Scores!$B$5:$B$44,2,Scores!$C$5:$C$44,"Tool condition",Scores!P$5:P$44,">=0")*COUNTIFS(Scores!$B$5:$B$44,2,Scores!$C$5:$C$44,"Paper condition",Scores!P$5:P$44,">=0")/12*(((COUNTIFS(Scores!$B$5:$B$44,2,Scores!$C$5:$C$44,"Tool condition",Scores!P$5:P$44,">=0")+COUNTIFS(Scores!$B$5:$B$44,2,Scores!$C$5:$C$44,"Paper condition",Scores!P$5:P$44,">=0"))+1)-SUM(Helper!BH$5:BH$44)/((COUNTIFS(Scores!$B$5:$B$44,2,Scores!$C$5:$C$44,"Tool condition",Scores!P$5:P$44,">=0")+COUNTIFS(Scores!$B$5:$B$44,2,Scores!$C$5:$C$44,"Paper condition",Scores!P$5:P$44,">=0"))*((COUNTIFS(Scores!$B$5:$B$44,2,Scores!$C$5:$C$44,"Tool condition",Scores!P$5:P$44,">=0")+COUNTIFS(Scores!$B$5:$B$44,2,Scores!$C$5:$C$44,"Paper condition",Scores!P$5:P$44,">=0"))-1))))=0,1,MIN(1,2*(1-NORMSDIST((ABS(P18-COUNTIFS(Scores!$B$5:$B$44,2,Scores!$C$5:$C$44,"Tool condition",Scores!P$5:P$44,">=0")*COUNTIFS(Scores!$B$5:$B$44,2,Scores!$C$5:$C$44,"Paper condition",Scores!P$5:P$44,">=0")/2)-0.5)/SQRT(COUNTIFS(Scores!$B$5:$B$44,2,Scores!$C$5:$C$44,"Tool condition",Scores!P$5:P$44,">=0")*COUNTIFS(Scores!$B$5:$B$44,2,Scores!$C$5:$C$44,"Paper condition",Scores!P$5:P$44,">=0")/12*(((COUNTIFS(Scores!$B$5:$B$44,2,Scores!$C$5:$C$44,"Tool condition",Scores!P$5:P$44,">=0")+COUNTIFS(Scores!$B$5:$B$44,2,Scores!$C$5:$C$44,"Paper condition",Scores!P$5:P$44,">=0"))+1)-SUM(Helper!BH$5:BH$44)/((COUNTIFS(Scores!$B$5:$B$44,2,Scores!$C$5:$C$44,"Tool condition",Scores!P$5:P$44,">=0")+COUNTIFS(Scores!$B$5:$B$44,2,Scores!$C$5:$C$44,"Paper condition",Scores!P$5:P$44,">=0"))*((COUNTIFS(Scores!$B$5:$B$44,2,Scores!$C$5:$C$44,"Tool condition",Scores!P$5:P$44,">=0")+COUNTIFS(Scores!$B$5:$B$44,2,Scores!$C$5:$C$44,"Paper condition",Scores!P$5:P$44,">=0"))-1))))))))) -> 0.39796084 | R18: =IF(Q18="","",INDEX(Helper!$H$100:$H$111,RANK(Q18,Analysis!$Q$7:$Q$18,1)+COUNTIF(Analysis!$Q$7:$Q$18,Q18)-1)) -> 1 | S18: =IF(P18="","",2*P18/(COUNTIFS(Scores!$B$5:$B$44,2,Scores!$C$5:$C$44,"Tool condition",Scores!P$5:P$44,">=0")*COUNTIFS(Scores!$B$5:$B$44,2,Scores!$C$5:$C$44,"Paper condition",Scores!P$5:P$44,">=0"))-1) -> 0.2
A21: B. Overall scores
A22: Measure | B22: S1 Tool condition | C22: S1 Paper condition | D22: S2 Tool condition | E22: S2 Paper condition | G22: U S1 | H22: p S1 | I22: r S1 | J22: U S2 | K22: p S2 | L22: r S2
A23: n participants | B23: =COUNTIFS(Scores!$B$5:$B$44,1,Scores!$C$5:$C$44,"Tool condition",Scores!Q$5:Q$44,">=0") -> 10 | C23: =COUNTIFS(Scores!$B$5:$B$44,1,Scores!$C$5:$C$44,"Paper condition",Scores!Q$5:Q$44,">=0") -> 10 | D23: =COUNTIFS(Scores!$B$5:$B$44,2,Scores!$C$5:$C$44,"Tool condition",Scores!Q$5:Q$44,">=0") -> 10 | E23: =COUNTIFS(Scores!$B$5:$B$44,2,Scores!$C$5:$C$44,"Paper condition",Scores!Q$5:Q$44,">=0") -> 10
A24: Mean translation score (0–24) | B24: =IFERROR(AVERAGEIFS(Scores!Q$5:Q$44,Scores!$B$5:$B$44,1,Scores!$C$5:$C$44,"Tool condition"),"") -> 24 | C24: =IFERROR(AVERAGEIFS(Scores!Q$5:Q$44,Scores!$B$5:$B$44,1,Scores!$C$5:$C$44,"Paper condition"),"") -> 17.5 | D24: =IFERROR(AVERAGEIFS(Scores!Q$5:Q$44,Scores!$B$5:$B$44,2,Scores!$C$5:$C$44,"Tool condition"),"") -> 17.3 | E24: =IFERROR(AVERAGEIFS(Scores!Q$5:Q$44,Scores!$B$5:$B$44,2,Scores!$C$5:$C$44,"Paper condition"),"") -> 14.9 | G24: =IF(OR(COUNTIFS(Scores!$B$5:$B$44,1,Scores!$C$5:$C$44,"Tool condition",Scores!Q$5:Q$44,">=0")=0,COUNTIFS(Scores!$B$5:$B$44,1,Scores!$C$5:$C$44,"Paper condition",Scores!Q$5:Q$44,">=0")=0),"",SUM(Helper!DR$5:DR$44)) -> 100 | H24: 1.0825088e-05 | I24: =IF(G24="","",2*G24/(COUNTIFS(Scores!$B$5:$B$44,1,Scores!$C$5:$C$44,"Tool condition",Scores!Q$5:Q$44,">=0")*COUNTIFS(Scores!$B$5:$B$44,1,Scores!$C$5:$C$44,"Paper condition",Scores!Q$5:Q$44,">=0"))-1) -> 1 | J24: =IF(OR(COUNTIFS(Scores!$B$5:$B$44,2,Scores!$C$5:$C$44,"Tool condition",Scores!Q$5:Q$44,">=0")=0,COUNTIFS(Scores!$B$5:$B$44,2,Scores!$C$5:$C$44,"Paper condition",Scores!Q$5:Q$44,">=0")=0),"",SUM(Helper!DT$5:DT$44)) -> 83 | K24: 0.0094936024 | L24: =IF(J24="","",2*J24/(COUNTIFS(Scores!$B$5:$B$44,2,Scores!$C$5:$C$44,"Tool condition",Scores!Q$5:Q$44,">=0")*COUNTIFS(Scores!$B$5:$B$44,2,Scores!$C$5:$C$44,"Paper condition",Scores!Q$5:Q$44,">=0"))-1) -> 0.66
A25: SD translation score | B25: =IFERROR(SQRT((SUMIFS(Helper!DV$5:DV$44,Scores!$B$5:$B$44,1,Scores!$C$5:$C$44,"Tool condition")-COUNTIFS(Scores!$B$5:$B$44,1,Scores!$C$5:$C$44,"Tool condition",Scores!Q$5:Q$44,">=0")*AVERAGEIFS(Scores!Q$5:Q$44,Scores!$B$5:$B$44,1,Scores!$C$5:$C$44,"Tool condition")^2)/(COUNTIFS(Scores!$B$5:$B$44,1,Scores!$C$5:$C$44,"Tool condition",Scores!Q$5:Q$44,">=0")-1)),"") -> 0 | C25: =IFERROR(SQRT((SUMIFS(Helper!DV$5:DV$44,Scores!$B$5:$B$44,1,Scores!$C$5:$C$44,"Paper condition")-COUNTIFS(Scores!$B$5:$B$44,1,Scores!$C$5:$C$44,"Paper condition",Scores!Q$5:Q$44,">=0")*AVERAGEIFS(Scores!Q$5:Q$44,Scores!$B$5:$B$44,1,Scores!$C$5:$C$44,"Paper condition")^2)/(COUNTIFS(Scores!$B$5:$B$44,1,Scores!$C$5:$C$44,"Paper condition",Scores!Q$5:Q$44,">=0")-1)),"") -> 4.836206 | D25: =IFERROR(SQRT((SUMIFS(Helper!DV$5:DV$44,Scores!$B$5:$B$44,2,Scores!$C$5:$C$44,"Tool condition")-COUNTIFS(Scores!$B$5:$B$44,2,Scores!$C$5:$C$44,"Tool condition",Scores!Q$5:Q$44,">=0")*AVERAGEIFS(Scores!Q$5:Q$44,Scores!$B$5:$B$44,2,Scores!$C$5:$C$44,"Tool condition")^2)/(COUNTIFS(Scores!$B$5:$B$44,2,Scores!$C$5:$C$44,"Tool condition",Scores!Q$5:Q$44,">=0")-1)),"") -> 0.8232726 | E25: =IFERROR(SQRT((SUMIFS(Helper!DV$5:DV$44,Scores!$B$5:$B$44,2,Scores!$C$5:$C$44,"Paper condition")-COUNTIFS(Scores!$B$5:$B$44,2,Scores!$C$5:$C$44,"Paper condition",Scores!Q$5:Q$44,">=0")*AVERAGEIFS(Scores!Q$5:Q$44,Scores!$B$5:$B$44,2,Scores!$C$5:$C$44,"Paper condition")^2)/(COUNTIFS(Scores!$B$5:$B$44,2,Scores!$C$5:$C$44,"Paper condition",Scores!Q$5:Q$44,">=0")-1)),"") -> 2.1832697
A26: Mean reasoning score (0–7) | B26: =IFERROR(AVERAGEIFS(R_Scores!Q$5:Q$44,R_Scores!$B$5:$B$44,1,R_Scores!$C$5:$C$44,"Tool condition"),"") -> 5.8 | C26: =IFERROR(AVERAGEIFS(R_Scores!Q$5:Q$44,R_Scores!$B$5:$B$44,1,R_Scores!$C$5:$C$44,"Paper condition"),"") -> 3.5 | D26: =IFERROR(AVERAGEIFS(R_Scores!Q$5:Q$44,R_Scores!$B$5:$B$44,2,R_Scores!$C$5:$C$44,"Tool condition"),"") -> 5.2 | E26: =IFERROR(AVERAGEIFS(R_Scores!Q$5:Q$44,R_Scores!$B$5:$B$44,2,R_Scores!$C$5:$C$44,"Paper condition"),"") -> 3.9 | G26: =IF(OR(COUNTIFS(R_Scores!$B$5:$B$44,1,R_Scores!$C$5:$C$44,"Tool condition",R_Scores!Q$5:Q$44,">=0")=0,COUNTIFS(R_Scores!$B$5:$B$44,1,R_Scores!$C$5:$C$44,"Paper condition",R_Scores!Q$5:Q$44,">=0")=0),"",SUM(Helper!EV$5:EV$44)) -> 72.5 | H26: 0.074487432 | I26: =IF(G26="","",2*G26/(COUNTIFS(R_Scores!$B$5:$B$44,1,R_Scores!$C$5:$C$44,"Tool condition",R_Scores!Q$5:Q$44,">=0")*COUNTIFS(R_Scores!$B$5:$B$44,1,R_Scores!$C$5:$C$44,"Paper condition",R_Scores!Q$5:Q$44,">=0"))-1) -> 0.45 | J26: =IF(OR(COUNTIFS(R_Scores!$B$5:$B$44,2,R_Scores!$C$5:$C$44,"Tool condition",R_Scores!Q$5:Q$44,">=0")=0,COUNTIFS(R_Scores!$B$5:$B$44,2,R_Scores!$C$5:$C$44,"Paper condition",R_Scores!Q$5:Q$44,">=0")=0),"",SUM(Helper!EX$5:EX$44)) -> 86.5 | K26: 0.0023815194 | L26: =IF(J26="","",2*J26/(COUNTIFS(R_Scores!$B$5:$B$44,2,R_Scores!$C$5:$C$44,"Tool condition",R_Scores!Q$5:Q$44,">=0")*COUNTIFS(R_Scores!$B$5:$B$44,2,R_Scores!$C$5:$C$44,"Paper condition",R_Scores!Q$5:Q$44,">=0"))-1) -> 0.73
A27: SD reasoning score | B27: =IFERROR(SQRT((SUMIFS(Helper!EZ$5:EZ$44,R_Scores!$B$5:$B$44,1,R_Scores!$C$5:$C$44,"Tool condition")-COUNTIFS(R_Scores!$B$5:$B$44,1,R_Scores!$C$5:$C$44,"Tool condition",R_Scores!Q$5:Q$44,">=0")*AVERAGEIFS(R_Scores!Q$5:Q$44,R_Scores!$B$5:$B$44,1,R_Scores!$C$5:$C$44,"Tool condition")^2)/(COUNTIFS(R_Scores!$B$5:$B$44,1,R_Scores!$C$5:$C$44,"Tool condition",R_Scores!Q$5:Q$44,">=0")-1)),"") -> 0.63245553 | C27: =IFERROR(SQRT((SUMIFS(Helper!EZ$5:EZ$44,R_Scores!$B$5:$B$44,1,R_Scores!$C$5:$C$44,"Paper condition")-COUNTIFS(R_Scores!$B$5:$B$44,1,R_Scores!$C$5:$C$44,"Paper condition",R_Scores!Q$5:Q$44,">=0")*AVERAGEIFS(R_Scores!Q$5:Q$44,R_Scores!$B$5:$B$44,1,R_Scores!$C$5:$C$44,"Paper condition")^2)/(COUNTIFS(R_Scores!$B$5:$B$44,1,R_Scores!$C$5:$C$44,"Paper condition",R_Scores!Q$5:Q$44,">=0")-1)),"") -> 2.6770631 | D27: =IFERROR(SQRT((SUMIFS(Helper!EZ$5:EZ$44,R_Scores!$B$5:$B$44,2,R_Scores!$C$5:$C$44,"Tool condition")-COUNTIFS(R_Scores!$B$5:$B$44,2,R_Scores!$C$5:$C$44,"Tool condition",R_Scores!Q$5:Q$44,">=0")*AVERAGEIFS(R_Scores!Q$5:Q$44,R_Scores!$B$5:$B$44,2,R_Scores!$C$5:$C$44,"Tool condition")^2)/(COUNTIFS(R_Scores!$B$5:$B$44,2,R_Scores!$C$5:$C$44,"Tool condition",R_Scores!Q$5:Q$44,">=0")-1)),"") -> 0.63245553 | E27: =IFERROR(SQRT((SUMIFS(Helper!EZ$5:EZ$44,R_Scores!$B$5:$B$44,2,R_Scores!$C$5:$C$44,"Paper condition")-COUNTIFS(R_Scores!$B$5:$B$44,2,R_Scores!$C$5:$C$44,"Paper condition",R_Scores!Q$5:Q$44,">=0")*AVERAGEIFS(R_Scores!Q$5:Q$44,R_Scores!$B$5:$B$44,2,R_Scores!$C$5:$C$44,"Paper condition")^2)/(COUNTIFS(R_Scores!$B$5:$B$44,2,R_Scores!$C$5:$C$44,"Paper condition",R_Scores!Q$5:Q$44,">=0")-1)),"") -> 0.87559504
A28: Mean total score (0–31) | B28: =IFERROR(AVERAGEIFS(R_Scores!R$5:R$44,R_Scores!$B$5:$B$44,1,R_Scores!$C$5:$C$44,"Tool condition"),"") -> 29.8 | C28: =IFERROR(AVERAGEIFS(R_Scores!R$5:R$44,R_Scores!$B$5:$B$44,1,R_Scores!$C$5:$C$44,"Paper condition"),"") -> 21 | D28: =IFERROR(AVERAGEIFS(R_Scores!R$5:R$44,R_Scores!$B$5:$B$44,2,R_Scores!$C$5:$C$44,"Tool condition"),"") -> 22.5 | E28: =IFERROR(AVERAGEIFS(R_Scores!R$5:R$44,R_Scores!$B$5:$B$44,2,R_Scores!$C$5:$C$44,"Paper condition"),"") -> 18.8 | G28: =IF(OR(COUNTIFS(R_Scores!$B$5:$B$44,1,R_Scores!$C$5:$C$44,"Tool condition",R_Scores!R$5:R$44,">=0")=0,COUNTIFS(R_Scores!$B$5:$B$44,1,R_Scores!$C$5:$C$44,"Paper condition",R_Scores!R$5:R$44,">=0")=0),"",SUM(Helper!FA$5:FA$44)) -> 97 | H28: 0.00010825088 | I28: =IF(G28="","",2*G28/(COUNTIFS(R_Scores!$B$5:$B$44,1,R_Scores!$C$5:$C$44,"Tool condition",R_Scores!R$5:R$44,">=0")*COUNTIFS(R_Scores!$B$5:$B$44,1,R_Scores!$C$5:$C$44,"Paper condition",R_Scores!R$5:R$44,">=0"))-1) -> 0.94 | J28: =IF(OR(COUNTIFS(R_Scores!$B$5:$B$44,2,R_Scores!$C$5:$C$44,"Tool condition",R_Scores!R$5:R$44,">=0")=0,COUNTIFS(R_Scores!$B$5:$B$44,2,R_Scores!$C$5:$C$44,"Paper condition",R_Scores!R$5:R$44,">=0")=0),"",SUM(Helper!FC$5:FC$44)) -> 84.5 | K28: 0.0060728745 | L28: =IF(J28="","",2*J28/(COUNTIFS(R_Scores!$B$5:$B$44,2,R_Scores!$C$5:$C$44,"Tool condition",R_Scores!R$5:R$44,">=0")*COUNTIFS(R_Scores!$B$5:$B$44,2,R_Scores!$C$5:$C$44,"Paper condition",R_Scores!R$5:R$44,">=0"))-1) -> 0.69
A29: SD total score | B29: =IFERROR(SQRT((SUMIFS(Helper!FE$5:FE$44,R_Scores!$B$5:$B$44,1,R_Scores!$C$5:$C$44,"Tool condition")-COUNTIFS(R_Scores!$B$5:$B$44,1,R_Scores!$C$5:$C$44,"Tool condition",R_Scores!R$5:R$44,">=0")*AVERAGEIFS(R_Scores!R$5:R$44,R_Scores!$B$5:$B$44,1,R_Scores!$C$5:$C$44,"Tool condition")^2)/(COUNTIFS(R_Scores!$B$5:$B$44,1,R_Scores!$C$5:$C$44,"Tool condition",R_Scores!R$5:R$44,">=0")-1)),"") -> 0.63245553 | C29: =IFERROR(SQRT((SUMIFS(Helper!FE$5:FE$44,R_Scores!$B$5:$B$44,1,R_Scores!$C$5:$C$44,"Paper condition")-COUNTIFS(R_Scores!$B$5:$B$44,1,R_Scores!$C$5:$C$44,"Paper condition",R_Scores!R$5:R$44,">=0")*AVERAGEIFS(R_Scores!R$5:R$44,R_Scores!$B$5:$B$44,1,R_Scores!$C$5:$C$44,"Paper condition")^2)/(COUNTIFS(R_Scores!$B$5:$B$44,1,R_Scores!$C$5:$C$44,"Paper condition",R_Scores!R$5:R$44,">=0")-1)),"") -> 7.4535599 | D29: =IFERROR(SQRT((SUMIFS(Helper!FE$5:FE$44,R_Scores!$B$5:$B$44,2,R_Scores!$C$5:$C$44,"Tool condition")-COUNTIFS(R_Scores!$B$5:$B$44,2,R_Scores!$C$5:$C$44,"Tool condition",R_Scores!R$5:R$44,">=0")*AVERAGEIFS(R_Scores!R$5:R$44,R_Scores!$B$5:$B$44,2,R_Scores!$C$5:$C$44,"Tool condition")^2)/(COUNTIFS(R_Scores!$B$5:$B$44,2,R_Scores!$C$5:$C$44,"Tool condition",R_Scores!R$5:R$44,">=0")-1)),"") -> 1.1785113 | E29: =IFERROR(SQRT((SUMIFS(Helper!FE$5:FE$44,R_Scores!$B$5:$B$44,2,R_Scores!$C$5:$C$44,"Paper condition")-COUNTIFS(R_Scores!$B$5:$B$44,2,R_Scores!$C$5:$C$44,"Paper condition",R_Scores!R$5:R$44,">=0")*AVERAGEIFS(R_Scores!R$5:R$44,R_Scores!$B$5:$B$44,2,R_Scores!$C$5:$C$44,"Paper condition")^2)/(COUNTIFS(R_Scores!$B$5:$B$44,2,R_Scores!$C$5:$C$44,"Paper condition",R_Scores!R$5:R$44,">=0")-1)),"") -> 3.0110906
A30: Share fully solved (translation) | B30: =IFERROR(SUMIFS(Scores!W$5:W$44,Scores!$B$5:$B$44,1,Scores!$C$5:$C$44,"Tool condition")/SUMIFS(Scores!X$5:X$44,Scores!$B$5:$B$44,1,Scores!$C$5:$C$44,"Tool condition"),"") -> 1 | C30: =IFERROR(SUMIFS(Scores!W$5:W$44,Scores!$B$5:$B$44,1,Scores!$C$5:$C$44,"Paper condition")/SUMIFS(Scores!X$5:X$44,Scores!$B$5:$B$44,1,Scores!$C$5:$C$44,"Paper condition"),"") -> 0.53333333 | D30: =IFERROR(SUMIFS(Scores!W$5:W$44,Scores!$B$5:$B$44,2,Scores!$C$5:$C$44,"Tool condition")/SUMIFS(Scores!X$5:X$44,Scores!$B$5:$B$44,2,Scores!$C$5:$C$44,"Tool condition"),"") -> 0.525 | E30: =IFERROR(SUMIFS(Scores!W$5:W$44,Scores!$B$5:$B$44,2,Scores!$C$5:$C$44,"Paper condition")/SUMIFS(Scores!X$5:X$44,Scores!$B$5:$B$44,2,Scores!$C$5:$C$44,"Paper condition"),"") -> 0.35
A31: Share correct (reasoning) | B31: =IFERROR(SUMIFS(R_Scores!$Q$5:$Q$44,R_Scores!$B$5:$B$44,1,R_Scores!$C$5:$C$44,"Tool condition")/(COUNTIFS(R_Scores!$B$5:$B$44,1,R_Scores!$C$5:$C$44,"Tool condition")*$B$66),"") -> 0.82857143 | C31: =IFERROR(SUMIFS(R_Scores!$Q$5:$Q$44,R_Scores!$B$5:$B$44,1,R_Scores!$C$5:$C$44,"Paper condition")/(COUNTIFS(R_Scores!$B$5:$B$44,1,R_Scores!$C$5:$C$44,"Paper condition")*$B$66),"") -> 0.5 | D31: =IFERROR(SUMIFS(R_Scores!$Q$5:$Q$44,R_Scores!$B$5:$B$44,2,R_Scores!$C$5:$C$44,"Tool condition")/(COUNTIFS(R_Scores!$B$5:$B$44,2,R_Scores!$C$5:$C$44,"Tool condition")*$B$66),"") -> 0.74285714 | E31: =IFERROR(SUMIFS(R_Scores!$Q$5:$Q$44,R_Scores!$B$5:$B$44,2,R_Scores!$C$5:$C$44,"Paper condition")/(COUNTIFS(R_Scores!$B$5:$B$44,2,R_Scores!$C$5:$C$44,"Paper condition")*$B$66),"") -> 0.55714286
A32: Mean translation, gate-level tasks | B32: =IFERROR(AVERAGEIFS(Scores!R$5:R$44,Scores!$B$5:$B$44,1,Scores!$C$5:$C$44,"Tool condition"),"") -> 14 | C32: =IFERROR(AVERAGEIFS(Scores!R$5:R$44,Scores!$B$5:$B$44,1,Scores!$C$5:$C$44,"Paper condition"),"") -> 9.6 | D32: =IFERROR(AVERAGEIFS(Scores!R$5:R$44,Scores!$B$5:$B$44,2,Scores!$C$5:$C$44,"Tool condition"),"") -> 10.2 | E32: =IFERROR(AVERAGEIFS(Scores!R$5:R$44,Scores!$B$5:$B$44,2,Scores!$C$5:$C$44,"Paper condition"),"") -> 8.1 | G32: =IF(OR(COUNTIFS(Scores!$B$5:$B$44,1,Scores!$C$5:$C$44,"Tool condition",Scores!R$5:R$44,">=0")=0,COUNTIFS(Scores!$B$5:$B$44,1,Scores!$C$5:$C$44,"Paper condition",Scores!R$5:R$44,">=0")=0),"",SUM(Helper!DW$5:DW$44)) -> 95 | H32: 0.00011907597 | I32: =IF(G32="","",2*G32/(COUNTIFS(Scores!$B$5:$B$44,1,Scores!$C$5:$C$44,"Tool condition",Scores!R$5:R$44,">=0")*COUNTIFS(Scores!$B$5:$B$44,1,Scores!$C$5:$C$44,"Paper condition",Scores!R$5:R$44,">=0"))-1) -> 0.9 | J32: =IF(OR(COUNTIFS(Scores!$B$5:$B$44,2,Scores!$C$5:$C$44,"Tool condition",Scores!R$5:R$44,">=0")=0,COUNTIFS(Scores!$B$5:$B$44,2,Scores!$C$5:$C$44,"Paper condition",Scores!R$5:R$44,">=0")=0),"",SUM(Helper!DY$5:DY$44)) -> 87.5 | K32: 0.002208318 | L32: =IF(J32="","",2*J32/(COUNTIFS(Scores!$B$5:$B$44,2,Scores!$C$5:$C$44,"Tool condition",Scores!R$5:R$44,">=0")*COUNTIFS(Scores!$B$5:$B$44,2,Scores!$C$5:$C$44,"Paper condition",Scores!R$5:R$44,">=0"))-1) -> 0.75
A33: Mean translation, block-level tasks | B33: =IFERROR(AVERAGEIFS(Scores!S$5:S$44,Scores!$B$5:$B$44,1,Scores!$C$5:$C$44,"Tool condition"),"") -> 10 | C33: =IFERROR(AVERAGEIFS(Scores!S$5:S$44,Scores!$B$5:$B$44,1,Scores!$C$5:$C$44,"Paper condition"),"") -> 7.9 | D33: =IFERROR(AVERAGEIFS(Scores!S$5:S$44,Scores!$B$5:$B$44,2,Scores!$C$5:$C$44,"Tool condition"),"") -> 7.1 | E33: =IFERROR(AVERAGEIFS(Scores!S$5:S$44,Scores!$B$5:$B$44,2,Scores!$C$5:$C$44,"Paper condition"),"") -> 6.8 | G33: =IF(OR(COUNTIFS(Scores!$B$5:$B$44,1,Scores!$C$5:$C$44,"Tool condition",Scores!S$5:S$44,">=0")=0,COUNTIFS(Scores!$B$5:$B$44,1,Scores!$C$5:$C$44,"Paper condition",Scores!S$5:S$44,">=0")=0),"",SUM(Helper!EB$5:EB$44)) -> 90 | H33: 0.00071445582 | I33: =IF(G33="","",2*G33/(COUNTIFS(Scores!$B$5:$B$44,1,Scores!$C$5:$C$44,"Tool condition",Scores!S$5:S$44,">=0")*COUNTIFS(Scores!$B$5:$B$44,1,Scores!$C$5:$C$44,"Paper condition",Scores!S$5:S$44,">=0"))-1) -> 0.8 | J33: =IF(OR(COUNTIFS(Scores!$B$5:$B$44,2,Scores!$C$5:$C$44,"Tool condition",Scores!S$5:S$44,">=0")=0,COUNTIFS(Scores!$B$5:$B$44,2,Scores!$C$5:$C$44,"Paper condition",Scores!S$5:S$44,">=0")=0),"",SUM(Helper!ED$5:ED$44)) -> 56 | K33: 0.67280088 | L33: =IF(J33="","",2*J33/(COUNTIFS(Scores!$B$5:$B$44,2,Scores!$C$5:$C$44,"Tool condition",Scores!S$5:S$44,">=0")*COUNTIFS(Scores!$B$5:$B$44,2,Scores!$C$5:$C$44,"Paper condition",Scores!S$5:S$44,">=0"))-1) -> 0.12
A34: Mean translation, given view model | B34: =IFERROR(AVERAGEIFS(Scores!T$5:T$44,Scores!$B$5:$B$44,1,Scores!$C$5:$C$44,"Tool condition"),"") -> 8 | C34: =IFERROR(AVERAGEIFS(Scores!T$5:T$44,Scores!$B$5:$B$44,1,Scores!$C$5:$C$44,"Paper condition"),"") -> 6.4 | D34: =IFERROR(AVERAGEIFS(Scores!T$5:T$44,Scores!$B$5:$B$44,2,Scores!$C$5:$C$44,"Tool condition"),"") -> 6.7 | E34: =IFERROR(AVERAGEIFS(Scores!T$5:T$44,Scores!$B$5:$B$44,2,Scores!$C$5:$C$44,"Paper condition"),"") -> 5.8 | G34: =IF(OR(COUNTIFS(Scores!$B$5:$B$44,1,Scores!$C$5:$C$44,"Tool condition",Scores!T$5:T$44,">=0")=0,COUNTIFS(Scores!$B$5:$B$44,1,Scores!$C$5:$C$44,"Paper condition",Scores!T$5:T$44,">=0")=0),"",SUM(Helper!EG$5:EG$44)) -> 85 | H34: 0.0030959752 | I34: =IF(G34="","",2*G34/(COUNTIFS(Scores!$B$5:$B$44,1,Scores!$C$5:$C$44,"Tool condition",Scores!T$5:T$44,">=0")*COUNTIFS(Scores!$B$5:$B$44,1,Scores!$C$5:$C$44,"Paper condition",Scores!T$5:T$44,">=0"))-1) -> 0.7 | J34: =IF(OR(COUNTIFS(Scores!$B$5:$B$44,2,Scores!$C$5:$C$44,"Tool condition",Scores!T$5:T$44,">=0")=0,COUNTIFS(Scores!$B$5:$B$44,2,Scores!$C$5:$C$44,"Paper condition",Scores!T$5:T$44,">=0")=0),"",SUM(Helper!EI$5:EI$44)) -> 75 | K34: 0.043516855 | L34: =IF(J34="","",2*J34/(COUNTIFS(Scores!$B$5:$B$44,2,Scores!$C$5:$C$44,"Tool condition",Scores!T$5:T$44,">=0")*COUNTIFS(Scores!$B$5:$B$44,2,Scores!$C$5:$C$44,"Paper condition",Scores!T$5:T$44,">=0"))-1) -> 0.5
A35: Mean translation, given view derivation | B35: =IFERROR(AVERAGEIFS(Scores!U$5:U$44,Scores!$B$5:$B$44,1,Scores!$C$5:$C$44,"Tool condition"),"") -> 6 | C35: =IFERROR(AVERAGEIFS(Scores!U$5:U$44,Scores!$B$5:$B$44,1,Scores!$C$5:$C$44,"Paper condition"),"") -> 4.3 | D35: =IFERROR(AVERAGEIFS(Scores!U$5:U$44,Scores!$B$5:$B$44,2,Scores!$C$5:$C$44,"Tool condition"),"") -> 4.4 | E35: =IFERROR(AVERAGEIFS(Scores!U$5:U$44,Scores!$B$5:$B$44,2,Scores!$C$5:$C$44,"Paper condition"),"") -> 3.4 | G35: =IF(OR(COUNTIFS(Scores!$B$5:$B$44,1,Scores!$C$5:$C$44,"Tool condition",Scores!U$5:U$44,">=0")=0,COUNTIFS(Scores!$B$5:$B$44,1,Scores!$C$5:$C$44,"Paper condition",Scores!U$5:U$44,">=0")=0),"",SUM(Helper!EL$5:EL$44)) -> 85 | H35: 0.0030959752 | I35: =IF(G35="","",2*G35/(COUNTIFS(Scores!$B$5:$B$44,1,Scores!$C$5:$C$44,"Tool condition",Scores!U$5:U$44,">=0")*COUNTIFS(Scores!$B$5:$B$44,1,Scores!$C$5:$C$44,"Paper condition",Scores!U$5:U$44,">=0"))-1) -> 0.7 | J35: =IF(OR(COUNTIFS(Scores!$B$5:$B$44,2,Scores!$C$5:$C$44,"Tool condition",Scores!U$5:U$44,">=0")=0,COUNTIFS(Scores!$B$5:$B$44,2,Scores!$C$5:$C$44,"Paper condition",Scores!U$5:U$44,">=0")=0),"",SUM(Helper!EN$5:EN$44)) -> 75 | K35: 0.052458378 | L35: =IF(J35="","",2*J35/(COUNTIFS(Scores!$B$5:$B$44,2,Scores!$C$5:$C$44,"Tool condition",Scores!U$5:U$44,">=0")*COUNTIFS(Scores!$B$5:$B$44,2,Scores!$C$5:$C$44,"Paper condition",Scores!U$5:U$44,">=0"))-1) -> 0.5
A36: Mean translation, given view code | B36: =IFERROR(AVERAGEIFS(Scores!V$5:V$44,Scores!$B$5:$B$44,1,Scores!$C$5:$C$44,"Tool condition"),"") -> 10 | C36: =IFERROR(AVERAGEIFS(Scores!V$5:V$44,Scores!$B$5:$B$44,1,Scores!$C$5:$C$44,"Paper condition"),"") -> 6.8 | D36: =IFERROR(AVERAGEIFS(Scores!V$5:V$44,Scores!$B$5:$B$44,2,Scores!$C$5:$C$44,"Tool condition"),"") -> 6.2 | E36: =IFERROR(AVERAGEIFS(Scores!V$5:V$44,Scores!$B$5:$B$44,2,Scores!$C$5:$C$44,"Paper condition"),"") -> 5.7 | G36: =IF(OR(COUNTIFS(Scores!$B$5:$B$44,1,Scores!$C$5:$C$44,"Tool condition",Scores!V$5:V$44,">=0")=0,COUNTIFS(Scores!$B$5:$B$44,1,Scores!$C$5:$C$44,"Paper condition",Scores!V$5:V$44,">=0")=0),"",SUM(Helper!EQ$5:EQ$44)) -> 100 | H36: 1.0825088e-05 | I36: =IF(G36="","",2*G36/(COUNTIFS(Scores!$B$5:$B$44,1,Scores!$C$5:$C$44,"Tool condition",Scores!V$5:V$44,">=0")*COUNTIFS(Scores!$B$5:$B$44,1,Scores!$C$5:$C$44,"Paper condition",Scores!V$5:V$44,">=0"))-1) -> 1 | J36: =IF(OR(COUNTIFS(Scores!$B$5:$B$44,2,Scores!$C$5:$C$44,"Tool condition",Scores!V$5:V$44,">=0")=0,COUNTIFS(Scores!$B$5:$B$44,2,Scores!$C$5:$C$44,"Paper condition",Scores!V$5:V$44,">=0")=0),"",SUM(Helper!ES$5:ES$44)) -> 61.5 | K36: 0.3959276 | L36: =IF(J36="","",2*J36/(COUNTIFS(Scores!$B$5:$B$44,2,Scores!$C$5:$C$44,"Tool condition",Scores!V$5:V$44,">=0")*COUNTIFS(Scores!$B$5:$B$44,2,Scores!$C$5:$C$44,"Paper condition",Scores!V$5:V$44,">=0"))-1) -> 0.23
A38: B2. Primary tests (post-test, Holm over three tests)
A39: Score | B39: U | C39: p | D39: p (Holm) | E39: r
A40: Translation (0–24) | B40: =J24 -> 83 | C40: =K24 -> 0.0094936024 | D40: =IF(COUNT($C$40:$C$42)<3,"",CHOOSE(RANK(C40,$C$40:$C$42,1)+COUNTIF($C$40:$C$42,C40)-1,MIN(1,3*SMALL($C$40:$C$42,1)),MAX(MIN(1,3*SMALL($C$40:$C$42,1)),MIN(1,2*SMALL($C$40:$C$42,2))),MAX(MAX(MIN(1,3*SMALL($C$40:$C$42,1)),MIN(1,2*SMALL($C$40:$C$42,2))),MIN(1,SMALL($C$40:$C$42,3))))) -> 0.012145749 | E40: =L24 -> 0.66
A41: Reasoning (0–7) | B41: =J26 -> 86.5 | C41: =K26 -> 0.0023815194 | D41: =IF(COUNT($C$40:$C$42)<3,"",CHOOSE(RANK(C41,$C$40:$C$42,1)+COUNTIF($C$40:$C$42,C41)-1,MIN(1,3*SMALL($C$40:$C$42,1)),MAX(MIN(1,3*SMALL($C$40:$C$42,1)),MIN(1,2*SMALL($C$40:$C$42,2))),MAX(MAX(MIN(1,3*SMALL($C$40:$C$42,1)),MIN(1,2*SMALL($C$40:$C$42,2))),MIN(1,SMALL($C$40:$C$42,3))))) -> 0.0071445582 | E41: =L26 -> 0.73
A42: Total (0–31) | B42: =J28 -> 84.5 | C42: =K28 -> 0.0060728745 | D42: =IF(COUNT($C$40:$C$42)<3,"",CHOOSE(RANK(C42,$C$40:$C$42,1)+COUNTIF($C$40:$C$42,C42)-1,MIN(1,3*SMALL($C$40:$C$42,1)),MAX(MIN(1,3*SMALL($C$40:$C$42,1)),MIN(1,2*SMALL($C$40:$C$42,2))),MAX(MAX(MIN(1,3*SMALL($C$40:$C$42,1)),MIN(1,2*SMALL($C$40:$C$42,2))),MIN(1,SMALL($C$40:$C$42,3))))) -> 0.012145749 | E42: =L28 -> 0.69
A45: E. Reasoning per task (0–1 point; only tasks with a reasoning part; tests exploratory)
D46: Correct (1 point) | H46: Test session 1 | L46: Test session 2 (post-test)
A47: Task | B47: Level | C47: Given view | D47: S1 Tool condition | E47: S1 Paper condition | F47: S2 Tool condition | G47: S2 Paper condition | H47: U | I47: p | J47: p (Holm) | K47: r | L47: U | M47: p | N47: p (Holm) | O47: r
A48: T1 | B48: =IF(OR(Tasks!$G$2="No",Tasks!$F$2<>"Yes"),"",Tasks!E2&"") -> Gate | C48: =IF(OR(Tasks!$G$2="No",Tasks!$F$2<>"Yes"),"",Tasks!D2&"") -> Model | D48: =IF(OR(Tasks!$G$2="No",Tasks!$F$2<>"Yes"),"",COUNTIFS(R_Scores!$B$5:$B$44,1,R_Scores!$C$5:$C$44,"Tool condition",R_Scores!E$5:E$44,1)) -> 9 | E48: =IF(OR(Tasks!$G$2="No",Tasks!$F$2<>"Yes"),"",COUNTIFS(R_Scores!$B$5:$B$44,1,R_Scores!$C$5:$C$44,"Paper condition",R_Scores!E$5:E$44,1)) -> 6 | F48: =IF(OR(Tasks!$G$2="No",Tasks!$F$2<>"Yes"),"",COUNTIFS(R_Scores!$B$5:$B$44,2,R_Scores!$C$5:$C$44,"Tool condition",R_Scores!E$5:E$44,1)) -> 8 | G48: =IF(OR(Tasks!$G$2="No",Tasks!$F$2<>"Yes"),"",COUNTIFS(R_Scores!$B$5:$B$44,2,R_Scores!$C$5:$C$44,"Paper condition",R_Scores!E$5:E$44,1)) -> 7 | H48: =IF(OR(Tasks!$G$2="No",Tasks!$F$2<>"Yes"),"",IF(OR(COUNTIFS(R_Scores!$B$5:$B$44,1,R_Scores!$C$5:$C$44,"Tool condition",R_Scores!E$5:E$44,">=0")=0,COUNTIFS(R_Scores!$B$5:$B$44,1,R_Scores!$C$5:$C$44,"Paper condition",R_Scores!E$5:E$44,">=0")=0),"",SUM(Helper!BJ$5:BJ$44))) -> 65 | I48: =IF(H48="","",IF(SQRT(COUNTIFS(R_Scores!$B$5:$B$44,1,R_Scores!$C$5:$C$44,"Tool condition",R_Scores!E$5:E$44,">=0")*COUNTIFS(R_Scores!$B$5:$B$44,1,R_Scores!$C$5:$C$44,"Paper condition",R_Scores!E$5:E$44,">=0")/12*(((COUNTIFS(R_Scores!$B$5:$B$44,1,R_Scores!$C$5:$C$44,"Tool condition",R_Scores!E$5:E$44,">=0")+COUNTIFS(R_Scores!$B$5:$B$44,1,R_Scores!$C$5:$C$44,"Paper condition",R_Scores!E$5:E$44,">=0"))+1)-SUM(Helper!BK$5:BK$44)/((COUNTIFS(R_Scores!$B$5:$B$44,1,R_Scores!$C$5:$C$44,"Tool condition",R_Scores!E$5:E$44,">=0")+COUNTIFS(R_Scores!$B$5:$B$44,1,R_Scores!$C$5:$C$44,"Paper condition",R_Scores!E$5:E$44,">=0"))*((COUNTIFS(R_Scores!$B$5:$B$44,1,R_Scores!$C$5:$C$44,"Tool condition",R_Scores!E$5:E$44,">=0")+COUNTIFS(R_Scores!$B$5:$B$44,1,R_Scores!$C$5:$C$44,"Paper condition",R_Scores!E$5:E$44,">=0"))-1))))=0,1,MIN(1,2*(1-NORMSDIST((ABS(H48-COUNTIFS(R_Scores!$B$5:$B$44,1,R_Scores!$C$5:$C$44,"Tool condition",R_Scores!E$5:E$44,">=0")*COUNTIFS(R_Scores!$B$5:$B$44,1,R_Scores!$C$5:$C$44,"Paper condition",R_Scores!E$5:E$44,">=0")/2)-0.5)/SQRT(COUNTIFS(R_Scores!$B$5:$B$44,1,R_Scores!$C$5:$C$44,"Tool condition",R_Scores!E$5:E$44,">=0")*COUNTIFS(R_Scores!$B$5:$B$44,1,R_Scores!$C$5:$C$44,"Paper condition",R_Scores!E$5:E$44,">=0")/12*(((COUNTIFS(R_Scores!$B$5:$B$44,1,R_Scores!$C$5:$C$44,"Tool condition",R_Scores!E$5:E$44,">=0")+COUNTIFS(R_Scores!$B$5:$B$44,1,R_Scores!$C$5:$C$44,"Paper condition",R_Scores!E$5:E$44,">=0"))+1)-SUM(Helper!BK$5:BK$44)/((COUNTIFS(R_Scores!$B$5:$B$44,1,R_Scores!$C$5:$C$44,"Tool condition",R_Scores!E$5:E$44,">=0")+COUNTIFS(R_Scores!$B$5:$B$44,1,R_Scores!$C$5:$C$44,"Paper condition",R_Scores!E$5:E$44,">=0"))*((COUNTIFS(R_Scores!$B$5:$B$44,1,R_Scores!$C$5:$C$44,"Tool condition",R_Scores!E$5:E$44,">=0")+COUNTIFS(R_Scores!$B$5:$B$44,1,R_Scores!$C$5:$C$44,"Paper condition",R_Scores!E$5:E$44,">=0"))-1))))))))) -> 0.14439051 | J48: =IF(I48="","",INDEX(Helper!$L$100:$L$111,RANK(I48,Analysis!$I$48:$I$59,1)+COUNTIF(Analysis!$I$48:$I$59,I48)-1)) -> 0.72195254 | K48: =IF(H48="","",2*H48/(COUNTIFS(R_Scores!$B$5:$B$44,1,R_Scores!$C$5:$C$44,"Tool condition",R_Scores!E$5:E$44,">=0")*COUNTIFS(R_Scores!$B$5:$B$44,1,R_Scores!$C$5:$C$44,"Paper condition",R_Scores!E$5:E$44,">=0"))-1) -> 0.3 | L48: =IF(OR(Tasks!$G$2="No",Tasks!$F$2<>"Yes"),"",IF(OR(COUNTIFS(R_Scores!$B$5:$B$44,2,R_Scores!$C$5:$C$44,"Tool condition",R_Scores!E$5:E$44,">=0")=0,COUNTIFS(R_Scores!$B$5:$B$44,2,R_Scores!$C$5:$C$44,"Paper condition",R_Scores!E$5:E$44,">=0")=0),"",SUM(Helper!BL$5:BL$44))) -> 55 | M48: =IF(L48="","",IF(SQRT(COUNTIFS(R_Scores!$B$5:$B$44,2,R_Scores!$C$5:$C$44,"Tool condition",R_Scores!E$5:E$44,">=0")*COUNTIFS(R_Scores!$B$5:$B$44,2,R_Scores!$C$5:$C$44,"Paper condition",R_Scores!E$5:E$44,">=0")/12*(((COUNTIFS(R_Scores!$B$5:$B$44,2,R_Scores!$C$5:$C$44,"Tool condition",R_Scores!E$5:E$44,">=0")+COUNTIFS(R_Scores!$B$5:$B$44,2,R_Scores!$C$5:$C$44,"Paper condition",R_Scores!E$5:E$44,">=0"))+1)-SUM(Helper!BM$5:BM$44)/((COUNTIFS(R_Scores!$B$5:$B$44,2,R_Scores!$C$5:$C$44,"Tool condition",R_Scores!E$5:E$44,">=0")+COUNTIFS(R_Scores!$B$5:$B$44,2,R_Scores!$C$5:$C$44,"Paper condition",R_Scores!E$5:E$44,">=0"))*((COUNTIFS(R_Scores!$B$5:$B$44,2,R_Scores!$C$5:$C$44,"Tool condition",R_Scores!E$5:E$44,">=0")+COUNTIFS(R_Scores!$B$5:$B$44,2,R_Scores!$C$5:$C$44,"Paper condition",R_Scores!E$5:E$44,">=0"))-1))))=0,1,MIN(1,2*(1-NORMSDIST((ABS(L48-COUNTIFS(R_Scores!$B$5:$B$44,2,R_Scores!$C$5:$C$44,"Tool condition",R_Scores!E$5:E$44,">=0")*COUNTIFS(R_Scores!$B$5:$B$44,2,R_Scores!$C$5:$C$44,"Paper condition",R_Scores!E$5:E$44,">=0")/2)-0.5)/SQRT(COUNTIFS(R_Scores!$B$5:$B$44,2,R_Scores!$C$5:$C$44,"Tool condition",R_Scores!E$5:E$44,">=0")*COUNTIFS(R_Scores!$B$5:$B$44,2,R_Scores!$C$5:$C$44,"Paper condition",R_Scores!E$5:E$44,">=0")/12*(((COUNTIFS(R_Scores!$B$5:$B$44,2,R_Scores!$C$5:$C$44,"Tool condition",R_Scores!E$5:E$44,">=0")+COUNTIFS(R_Scores!$B$5:$B$44,2,R_Scores!$C$5:$C$44,"Paper condition",R_Scores!E$5:E$44,">=0"))+1)-SUM(Helper!BM$5:BM$44)/((COUNTIFS(R_Scores!$B$5:$B$44,2,R_Scores!$C$5:$C$44,"Tool condition",R_Scores!E$5:E$44,">=0")+COUNTIFS(R_Scores!$B$5:$B$44,2,R_Scores!$C$5:$C$44,"Paper condition",R_Scores!E$5:E$44,">=0"))*((COUNTIFS(R_Scores!$B$5:$B$44,2,R_Scores!$C$5:$C$44,"Tool condition",R_Scores!E$5:E$44,">=0")+COUNTIFS(R_Scores!$B$5:$B$44,2,R_Scores!$C$5:$C$44,"Paper condition",R_Scores!E$5:E$44,">=0"))-1))))))))) -> 0.65055589 | N48: =IF(M48="","",INDEX(Helper!$P$100:$P$111,RANK(M48,Analysis!$M$48:$M$59,1)+COUNTIF(Analysis!$M$48:$M$59,M48)-1)) -> 1 | O48: =IF(L48="","",2*L48/(COUNTIFS(R_Scores!$B$5:$B$44,2,R_Scores!$C$5:$C$44,"Tool condition",R_Scores!E$5:E$44,">=0")*COUNTIFS(R_Scores!$B$5:$B$44,2,R_Scores!$C$5:$C$44,"Paper condition",R_Scores!E$5:E$44,">=0"))-1) -> 0.1
A49: T2 | B49: =IF(OR(Tasks!$G$3="No",Tasks!$F$3<>"Yes"),"",Tasks!E3&"") -> Gate | C49: =IF(OR(Tasks!$G$3="No",Tasks!$F$3<>"Yes"),"",Tasks!D3&"") -> Code | D49: =IF(OR(Tasks!$G$3="No",Tasks!$F$3<>"Yes"),"",COUNTIFS(R_Scores!$B$5:$B$44,1,R_Scores!$C$5:$C$44,"Tool condition",R_Scores!F$5:F$44,1)) -> 8 | E49: =IF(OR(Tasks!$G$3="No",Tasks!$F$3<>"Yes"),"",COUNTIFS(R_Scores!$B$5:$B$44,1,R_Scores!$C$5:$C$44,"Paper condition",R_Scores!F$5:F$44,1)) -> 6 | F49: =IF(OR(Tasks!$G$3="No",Tasks!$F$3<>"Yes"),"",COUNTIFS(R_Scores!$B$5:$B$44,2,R_Scores!$C$5:$C$44,"Tool condition",R_Scores!F$5:F$44,1)) -> 7 | G49: =IF(OR(Tasks!$G$3="No",Tasks!$F$3<>"Yes"),"",COUNTIFS(R_Scores!$B$5:$B$44,2,R_Scores!$C$5:$C$44,"Paper condition",R_Scores!F$5:F$44,1)) -> 7 | H49: =IF(OR(Tasks!$G$3="No",Tasks!$F$3<>"Yes"),"",IF(OR(COUNTIFS(R_Scores!$B$5:$B$44,1,R_Scores!$C$5:$C$44,"Tool condition",R_Scores!F$5:F$44,">=0")=0,COUNTIFS(R_Scores!$B$5:$B$44,1,R_Scores!$C$5:$C$44,"Paper condition",R_Scores!F$5:F$44,">=0")=0),"",SUM(Helper!BO$5:BO$44))) -> 60 | I49: =IF(H49="","",IF(SQRT(COUNTIFS(R_Scores!$B$5:$B$44,1,R_Scores!$C$5:$C$44,"Tool condition",R_Scores!F$5:F$44,">=0")*COUNTIFS(R_Scores!$B$5:$B$44,1,R_Scores!$C$5:$C$44,"Paper condition",R_Scores!F$5:F$44,">=0")/12*(((COUNTIFS(R_Scores!$B$5:$B$44,1,R_Scores!$C$5:$C$44,"Tool condition",R_Scores!F$5:F$44,">=0")+COUNTIFS(R_Scores!$B$5:$B$44,1,R_Scores!$C$5:$C$44,"Paper condition",R_Scores!F$5:F$44,">=0"))+1)-SUM(Helper!BP$5:BP$44)/((COUNTIFS(R_Scores!$B$5:$B$44,1,R_Scores!$C$5:$C$44,"Tool condition",R_Scores!F$5:F$44,">=0")+COUNTIFS(R_Scores!$B$5:$B$44,1,R_Scores!$C$5:$C$44,"Paper condition",R_Scores!F$5:F$44,">=0"))*((COUNTIFS(R_Scores!$B$5:$B$44,1,R_Scores!$C$5:$C$44,"Tool condition",R_Scores!F$5:F$44,">=0")+COUNTIFS(R_Scores!$B$5:$B$44,1,R_Scores!$C$5:$C$44,"Paper condition",R_Scores!F$5:F$44,">=0"))-1))))=0,1,MIN(1,2*(1-NORMSDIST((ABS(H49-COUNTIFS(R_Scores!$B$5:$B$44,1,R_Scores!$C$5:$C$44,"Tool condition",R_Scores!F$5:F$44,">=0")*COUNTIFS(R_Scores!$B$5:$B$44,1,R_Scores!$C$5:$C$44,"Paper condition",R_Scores!F$5:F$44,">=0")/2)-0.5)/SQRT(COUNTIFS(R_Scores!$B$5:$B$44,1,R_Scores!$C$5:$C$44,"Tool condition",R_Scores!F$5:F$44,">=0")*COUNTIFS(R_Scores!$B$5:$B$44,1,R_Scores!$C$5:$C$44,"Paper condition",R_Scores!F$5:F$44,">=0")/12*(((COUNTIFS(R_Scores!$B$5:$B$44,1,R_Scores!$C$5:$C$44,"Tool condition",R_Scores!F$5:F$44,">=0")+COUNTIFS(R_Scores!$B$5:$B$44,1,R_Scores!$C$5:$C$44,"Paper condition",R_Scores!F$5:F$44,">=0"))+1)-SUM(Helper!BP$5:BP$44)/((COUNTIFS(R_Scores!$B$5:$B$44,1,R_Scores!$C$5:$C$44,"Tool condition",R_Scores!F$5:F$44,">=0")+COUNTIFS(R_Scores!$B$5:$B$44,1,R_Scores!$C$5:$C$44,"Paper condition",R_Scores!F$5:F$44,">=0"))*((COUNTIFS(R_Scores!$B$5:$B$44,1,R_Scores!$C$5:$C$44,"Tool condition",R_Scores!F$5:F$44,">=0")+COUNTIFS(R_Scores!$B$5:$B$44,1,R_Scores!$C$5:$C$44,"Paper condition",R_Scores!F$5:F$44,">=0"))-1))))))))) -> 0.3661915 | J49: =IF(I49="","",INDEX(Helper!$L$100:$L$111,RANK(I49,Analysis!$I$48:$I$59,1)+COUNTIF(Analysis!$I$48:$I$59,I49)-1)) -> 0.72195254 | K49: =IF(H49="","",2*H49/(COUNTIFS(R_Scores!$B$5:$B$44,1,R_Scores!$C$5:$C$44,"Tool condition",R_Scores!F$5:F$44,">=0")*COUNTIFS(R_Scores!$B$5:$B$44,1,R_Scores!$C$5:$C$44,"Paper condition",R_Scores!F$5:F$44,">=0"))-1) -> 0.2 | L49: =IF(OR(Tasks!$G$3="No",Tasks!$F$3<>"Yes"),"",IF(OR(COUNTIFS(R_Scores!$B$5:$B$44,2,R_Scores!$C$5:$C$44,"Tool condition",R_Scores!F$5:F$44,">=0")=0,COUNTIFS(R_Scores!$B$5:$B$44,2,R_Scores!$C$5:$C$44,"Paper condition",R_Scores!F$5:F$44,">=0")=0),"",SUM(Helper!BQ$5:BQ$44))) -> 50 | M49: =IF(L49="","",IF(SQRT(COUNTIFS(R_Scores!$B$5:$B$44,2,R_Scores!$C$5:$C$44,"Tool condition",R_Scores!F$5:F$44,">=0")*COUNTIFS(R_Scores!$B$5:$B$44,2,R_Scores!$C$5:$C$44,"Paper condition",R_Scores!F$5:F$44,">=0")/12*(((COUNTIFS(R_Scores!$B$5:$B$44,2,R_Scores!$C$5:$C$44,"Tool condition",R_Scores!F$5:F$44,">=0")+COUNTIFS(R_Scores!$B$5:$B$44,2,R_Scores!$C$5:$C$44,"Paper condition",R_Scores!F$5:F$44,">=0"))+1)-SUM(Helper!BR$5:BR$44)/((COUNTIFS(R_Scores!$B$5:$B$44,2,R_Scores!$C$5:$C$44,"Tool condition",R_Scores!F$5:F$44,">=0")+COUNTIFS(R_Scores!$B$5:$B$44,2,R_Scores!$C$5:$C$44,"Paper condition",R_Scores!F$5:F$44,">=0"))*((COUNTIFS(R_Scores!$B$5:$B$44,2,R_Scores!$C$5:$C$44,"Tool condition",R_Scores!F$5:F$44,">=0")+COUNTIFS(R_Scores!$B$5:$B$44,2,R_Scores!$C$5:$C$44,"Paper condition",R_Scores!F$5:F$44,">=0"))-1))))=0,1,MIN(1,2*(1-NORMSDIST((ABS(L49-COUNTIFS(R_Scores!$B$5:$B$44,2,R_Scores!$C$5:$C$44,"Tool condition",R_Scores!F$5:F$44,">=0")*COUNTIFS(R_Scores!$B$5:$B$44,2,R_Scores!$C$5:$C$44,"Paper condition",R_Scores!F$5:F$44,">=0")/2)-0.5)/SQRT(COUNTIFS(R_Scores!$B$5:$B$44,2,R_Scores!$C$5:$C$44,"Tool condition",R_Scores!F$5:F$44,">=0")*COUNTIFS(R_Scores!$B$5:$B$44,2,R_Scores!$C$5:$C$44,"Paper condition",R_Scores!F$5:F$44,">=0")/12*(((COUNTIFS(R_Scores!$B$5:$B$44,2,R_Scores!$C$5:$C$44,"Tool condition",R_Scores!F$5:F$44,">=0")+COUNTIFS(R_Scores!$B$5:$B$44,2,R_Scores!$C$5:$C$44,"Paper condition",R_Scores!F$5:F$44,">=0"))+1)-SUM(Helper!BR$5:BR$44)/((COUNTIFS(R_Scores!$B$5:$B$44,2,R_Scores!$C$5:$C$44,"Tool condition",R_Scores!F$5:F$44,">=0")+COUNTIFS(R_Scores!$B$5:$B$44,2,R_Scores!$C$5:$C$44,"Paper condition",R_Scores!F$5:F$44,">=0"))*((COUNTIFS(R_Scores!$B$5:$B$44,2,R_Scores!$C$5:$C$44,"Tool condition",R_Scores!F$5:F$44,">=0")+COUNTIFS(R_Scores!$B$5:$B$44,2,R_Scores!$C$5:$C$44,"Paper condition",R_Scores!F$5:F$44,">=0"))-1))))))))) -> 1 | N49: =IF(M49="","",INDEX(Helper!$P$100:$P$111,RANK(M49,Analysis!$M$48:$M$59,1)+COUNTIF(Analysis!$M$48:$M$59,M49)-1)) -> 1 | O49: =IF(L49="","",2*L49/(COUNTIFS(R_Scores!$B$5:$B$44,2,R_Scores!$C$5:$C$44,"Tool condition",R_Scores!F$5:F$44,">=0")*COUNTIFS(R_Scores!$B$5:$B$44,2,R_Scores!$C$5:$C$44,"Paper condition",R_Scores!F$5:F$44,">=0"))-1) -> 0
A50: T3 | B50: =IF(OR(Tasks!$G$4="No",Tasks!$F$4<>"Yes"),"",Tasks!E4&"") | C50: =IF(OR(Tasks!$G$4="No",Tasks!$F$4<>"Yes"),"",Tasks!D4&"") | D50: =IF(OR(Tasks!$G$4="No",Tasks!$F$4<>"Yes"),"",COUNTIFS(R_Scores!$B$5:$B$44,1,R_Scores!$C$5:$C$44,"Tool condition",R_Scores!G$5:G$44,1)) | E50: =IF(OR(Tasks!$G$4="No",Tasks!$F$4<>"Yes"),"",COUNTIFS(R_Scores!$B$5:$B$44,1,R_Scores!$C$5:$C$44,"Paper condition",R_Scores!G$5:G$44,1)) | F50: =IF(OR(Tasks!$G$4="No",Tasks!$F$4<>"Yes"),"",COUNTIFS(R_Scores!$B$5:$B$44,2,R_Scores!$C$5:$C$44,"Tool condition",R_Scores!G$5:G$44,1)) | G50: =IF(OR(Tasks!$G$4="No",Tasks!$F$4<>"Yes"),"",COUNTIFS(R_Scores!$B$5:$B$44,2,R_Scores!$C$5:$C$44,"Paper condition",R_Scores!G$5:G$44,1)) | H50: =IF(OR(Tasks!$G$4="No",Tasks!$F$4<>"Yes"),"",IF(OR(COUNTIFS(R_Scores!$B$5:$B$44,1,R_Scores!$C$5:$C$44,"Tool condition",R_Scores!G$5:G$44,">=0")=0,COUNTIFS(R_Scores!$B$5:$B$44,1,R_Scores!$C$5:$C$44,"Paper condition",R_Scores!G$5:G$44,">=0")=0),"",SUM(Helper!BT$5:BT$44))) | I50: =IF(H50="","",IF(SQRT(COUNTIFS(R_Scores!$B$5:$B$44,1,R_Scores!$C$5:$C$44,"Tool condition",R_Scores!G$5:G$44,">=0")*COUNTIFS(R_Scores!$B$5:$B$44,1,R_Scores!$C$5:$C$44,"Paper condition",R_Scores!G$5:G$44,">=0")/12*(((COUNTIFS(R_Scores!$B$5:$B$44,1,R_Scores!$C$5:$C$44,"Tool condition",R_Scores!G$5:G$44,">=0")+COUNTIFS(R_Scores!$B$5:$B$44,1,R_Scores!$C$5:$C$44,"Paper condition",R_Scores!G$5:G$44,">=0"))+1)-SUM(Helper!BU$5:BU$44)/((COUNTIFS(R_Scores!$B$5:$B$44,1,R_Scores!$C$5:$C$44,"Tool condition",R_Scores!G$5:G$44,">=0")+COUNTIFS(R_Scores!$B$5:$B$44,1,R_Scores!$C$5:$C$44,"Paper condition",R_Scores!G$5:G$44,">=0"))*((COUNTIFS(R_Scores!$B$5:$B$44,1,R_Scores!$C$5:$C$44,"Tool condition",R_Scores!G$5:G$44,">=0")+COUNTIFS(R_Scores!$B$5:$B$44,1,R_Scores!$C$5:$C$44,"Paper condition",R_Scores!G$5:G$44,">=0"))-1))))=0,1,MIN(1,2*(1-NORMSDIST((ABS(H50-COUNTIFS(R_Scores!$B$5:$B$44,1,R_Scores!$C$5:$C$44,"Tool condition",R_Scores!G$5:G$44,">=0")*COUNTIFS(R_Scores!$B$5:$B$44,1,R_Scores!$C$5:$C$44,"Paper condition",R_Scores!G$5:G$44,">=0")/2)-0.5)/SQRT(COUNTIFS(R_Scores!$B$5:$B$44,1,R_Scores!$C$5:$C$44,"Tool condition",R_Scores!G$5:G$44,">=0")*COUNTIFS(R_Scores!$B$5:$B$44,1,R_Scores!$C$5:$C$44,"Paper condition",R_Scores!G$5:G$44,">=0")/12*(((COUNTIFS(R_Scores!$B$5:$B$44,1,R_Scores!$C$5:$C$44,"Tool condition",R_Scores!G$5:G$44,">=0")+COUNTIFS(R_Scores!$B$5:$B$44,1,R_Scores!$C$5:$C$44,"Paper condition",R_Scores!G$5:G$44,">=0"))+1)-SUM(Helper!BU$5:BU$44)/((COUNTIFS(R_Scores!$B$5:$B$44,1,R_Scores!$C$5:$C$44,"Tool condition",R_Scores!G$5:G$44,">=0")+COUNTIFS(R_Scores!$B$5:$B$44,1,R_Scores!$C$5:$C$44,"Paper condition",R_Scores!G$5:G$44,">=0"))*((COUNTIFS(R_Scores!$B$5:$B$44,1,R_Scores!$C$5:$C$44,"Tool condition",R_Scores!G$5:G$44,">=0")+COUNTIFS(R_Scores!$B$5:$B$44,1,R_Scores!$C$5:$C$44,"Paper condition",R_Scores!G$5:G$44,">=0"))-1))))))))) | J50: =IF(I50="","",INDEX(Helper!$L$100:$L$111,RANK(I50,Analysis!$I$48:$I$59,1)+COUNTIF(Analysis!$I$48:$I$59,I50)-1)) | K50: =IF(H50="","",2*H50/(COUNTIFS(R_Scores!$B$5:$B$44,1,R_Scores!$C$5:$C$44,"Tool condition",R_Scores!G$5:G$44,">=0")*COUNTIFS(R_Scores!$B$5:$B$44,1,R_Scores!$C$5:$C$44,"Paper condition",R_Scores!G$5:G$44,">=0"))-1) | L50: =IF(OR(Tasks!$G$4="No",Tasks!$F$4<>"Yes"),"",IF(OR(COUNTIFS(R_Scores!$B$5:$B$44,2,R_Scores!$C$5:$C$44,"Tool condition",R_Scores!G$5:G$44,">=0")=0,COUNTIFS(R_Scores!$B$5:$B$44,2,R_Scores!$C$5:$C$44,"Paper condition",R_Scores!G$5:G$44,">=0")=0),"",SUM(Helper!BV$5:BV$44))) | M50: =IF(L50="","",IF(SQRT(COUNTIFS(R_Scores!$B$5:$B$44,2,R_Scores!$C$5:$C$44,"Tool condition",R_Scores!G$5:G$44,">=0")*COUNTIFS(R_Scores!$B$5:$B$44,2,R_Scores!$C$5:$C$44,"Paper condition",R_Scores!G$5:G$44,">=0")/12*(((COUNTIFS(R_Scores!$B$5:$B$44,2,R_Scores!$C$5:$C$44,"Tool condition",R_Scores!G$5:G$44,">=0")+COUNTIFS(R_Scores!$B$5:$B$44,2,R_Scores!$C$5:$C$44,"Paper condition",R_Scores!G$5:G$44,">=0"))+1)-SUM(Helper!BW$5:BW$44)/((COUNTIFS(R_Scores!$B$5:$B$44,2,R_Scores!$C$5:$C$44,"Tool condition",R_Scores!G$5:G$44,">=0")+COUNTIFS(R_Scores!$B$5:$B$44,2,R_Scores!$C$5:$C$44,"Paper condition",R_Scores!G$5:G$44,">=0"))*((COUNTIFS(R_Scores!$B$5:$B$44,2,R_Scores!$C$5:$C$44,"Tool condition",R_Scores!G$5:G$44,">=0")+COUNTIFS(R_Scores!$B$5:$B$44,2,R_Scores!$C$5:$C$44,"Paper condition",R_Scores!G$5:G$44,">=0"))-1))))=0,1,MIN(1,2*(1-NORMSDIST((ABS(L50-COUNTIFS(R_Scores!$B$5:$B$44,2,R_Scores!$C$5:$C$44,"Tool condition",R_Scores!G$5:G$44,">=0")*COUNTIFS(R_Scores!$B$5:$B$44,2,R_Scores!$C$5:$C$44,"Paper condition",R_Scores!G$5:G$44,">=0")/2)-0.5)/SQRT(COUNTIFS(R_Scores!$B$5:$B$44,2,R_Scores!$C$5:$C$44,"Tool condition",R_Scores!G$5:G$44,">=0")*COUNTIFS(R_Scores!$B$5:$B$44,2,R_Scores!$C$5:$C$44,"Paper condition",R_Scores!G$5:G$44,">=0")/12*(((COUNTIFS(R_Scores!$B$5:$B$44,2,R_Scores!$C$5:$C$44,"Tool condition",R_Scores!G$5:G$44,">=0")+COUNTIFS(R_Scores!$B$5:$B$44,2,R_Scores!$C$5:$C$44,"Paper condition",R_Scores!G$5:G$44,">=0"))+1)-SUM(Helper!BW$5:BW$44)/((COUNTIFS(R_Scores!$B$5:$B$44,2,R_Scores!$C$5:$C$44,"Tool condition",R_Scores!G$5:G$44,">=0")+COUNTIFS(R_Scores!$B$5:$B$44,2,R_Scores!$C$5:$C$44,"Paper condition",R_Scores!G$5:G$44,">=0"))*((COUNTIFS(R_Scores!$B$5:$B$44,2,R_Scores!$C$5:$C$44,"Tool condition",R_Scores!G$5:G$44,">=0")+COUNTIFS(R_Scores!$B$5:$B$44,2,R_Scores!$C$5:$C$44,"Paper condition",R_Scores!G$5:G$44,">=0"))-1))))))))) | N50: =IF(M50="","",INDEX(Helper!$P$100:$P$111,RANK(M50,Analysis!$M$48:$M$59,1)+COUNTIF(Analysis!$M$48:$M$59,M50)-1)) | O50: =IF(L50="","",2*L50/(COUNTIFS(R_Scores!$B$5:$B$44,2,R_Scores!$C$5:$C$44,"Tool condition",R_Scores!G$5:G$44,">=0")*COUNTIFS(R_Scores!$B$5:$B$44,2,R_Scores!$C$5:$C$44,"Paper condition",R_Scores!G$5:G$44,">=0"))-1)
A51: T4 | B51: =IF(OR(Tasks!$G$5="No",Tasks!$F$5<>"Yes"),"",Tasks!E5&"") | C51: =IF(OR(Tasks!$G$5="No",Tasks!$F$5<>"Yes"),"",Tasks!D5&"") | D51: =IF(OR(Tasks!$G$5="No",Tasks!$F$5<>"Yes"),"",COUNTIFS(R_Scores!$B$5:$B$44,1,R_Scores!$C$5:$C$44,"Tool condition",R_Scores!H$5:H$44,1)) | E51: =IF(OR(Tasks!$G$5="No",Tasks!$F$5<>"Yes"),"",COUNTIFS(R_Scores!$B$5:$B$44,1,R_Scores!$C$5:$C$44,"Paper condition",R_Scores!H$5:H$44,1)) | F51: =IF(OR(Tasks!$G$5="No",Tasks!$F$5<>"Yes"),"",COUNTIFS(R_Scores!$B$5:$B$44,2,R_Scores!$C$5:$C$44,"Tool condition",R_Scores!H$5:H$44,1)) | G51: =IF(OR(Tasks!$G$5="No",Tasks!$F$5<>"Yes"),"",COUNTIFS(R_Scores!$B$5:$B$44,2,R_Scores!$C$5:$C$44,"Paper condition",R_Scores!H$5:H$44,1)) | H51: =IF(OR(Tasks!$G$5="No",Tasks!$F$5<>"Yes"),"",IF(OR(COUNTIFS(R_Scores!$B$5:$B$44,1,R_Scores!$C$5:$C$44,"Tool condition",R_Scores!H$5:H$44,">=0")=0,COUNTIFS(R_Scores!$B$5:$B$44,1,R_Scores!$C$5:$C$44,"Paper condition",R_Scores!H$5:H$44,">=0")=0),"",SUM(Helper!BY$5:BY$44))) | I51: =IF(H51="","",IF(SQRT(COUNTIFS(R_Scores!$B$5:$B$44,1,R_Scores!$C$5:$C$44,"Tool condition",R_Scores!H$5:H$44,">=0")*COUNTIFS(R_Scores!$B$5:$B$44,1,R_Scores!$C$5:$C$44,"Paper condition",R_Scores!H$5:H$44,">=0")/12*(((COUNTIFS(R_Scores!$B$5:$B$44,1,R_Scores!$C$5:$C$44,"Tool condition",R_Scores!H$5:H$44,">=0")+COUNTIFS(R_Scores!$B$5:$B$44,1,R_Scores!$C$5:$C$44,"Paper condition",R_Scores!H$5:H$44,">=0"))+1)-SUM(Helper!BZ$5:BZ$44)/((COUNTIFS(R_Scores!$B$5:$B$44,1,R_Scores!$C$5:$C$44,"Tool condition",R_Scores!H$5:H$44,">=0")+COUNTIFS(R_Scores!$B$5:$B$44,1,R_Scores!$C$5:$C$44,"Paper condition",R_Scores!H$5:H$44,">=0"))*((COUNTIFS(R_Scores!$B$5:$B$44,1,R_Scores!$C$5:$C$44,"Tool condition",R_Scores!H$5:H$44,">=0")+COUNTIFS(R_Scores!$B$5:$B$44,1,R_Scores!$C$5:$C$44,"Paper condition",R_Scores!H$5:H$44,">=0"))-1))))=0,1,MIN(1,2*(1-NORMSDIST((ABS(H51-COUNTIFS(R_Scores!$B$5:$B$44,1,R_Scores!$C$5:$C$44,"Tool condition",R_Scores!H$5:H$44,">=0")*COUNTIFS(R_Scores!$B$5:$B$44,1,R_Scores!$C$5:$C$44,"Paper condition",R_Scores!H$5:H$44,">=0")/2)-0.5)/SQRT(COUNTIFS(R_Scores!$B$5:$B$44,1,R_Scores!$C$5:$C$44,"Tool condition",R_Scores!H$5:H$44,">=0")*COUNTIFS(R_Scores!$B$5:$B$44,1,R_Scores!$C$5:$C$44,"Paper condition",R_Scores!H$5:H$44,">=0")/12*(((COUNTIFS(R_Scores!$B$5:$B$44,1,R_Scores!$C$5:$C$44,"Tool condition",R_Scores!H$5:H$44,">=0")+COUNTIFS(R_Scores!$B$5:$B$44,1,R_Scores!$C$5:$C$44,"Paper condition",R_Scores!H$5:H$44,">=0"))+1)-SUM(Helper!BZ$5:BZ$44)/((COUNTIFS(R_Scores!$B$5:$B$44,1,R_Scores!$C$5:$C$44,"Tool condition",R_Scores!H$5:H$44,">=0")+COUNTIFS(R_Scores!$B$5:$B$44,1,R_Scores!$C$5:$C$44,"Paper condition",R_Scores!H$5:H$44,">=0"))*((COUNTIFS(R_Scores!$B$5:$B$44,1,R_Scores!$C$5:$C$44,"Tool condition",R_Scores!H$5:H$44,">=0")+COUNTIFS(R_Scores!$B$5:$B$44,1,R_Scores!$C$5:$C$44,"Paper condition",R_Scores!H$5:H$44,">=0"))-1))))))))) | J51: =IF(I51="","",INDEX(Helper!$L$100:$L$111,RANK(I51,Analysis!$I$48:$I$59,1)+COUNTIF(Analysis!$I$48:$I$59,I51)-1)) | K51: =IF(H51="","",2*H51/(COUNTIFS(R_Scores!$B$5:$B$44,1,R_Scores!$C$5:$C$44,"Tool condition",R_Scores!H$5:H$44,">=0")*COUNTIFS(R_Scores!$B$5:$B$44,1,R_Scores!$C$5:$C$44,"Paper condition",R_Scores!H$5:H$44,">=0"))-1) | L51: =IF(OR(Tasks!$G$5="No",Tasks!$F$5<>"Yes"),"",IF(OR(COUNTIFS(R_Scores!$B$5:$B$44,2,R_Scores!$C$5:$C$44,"Tool condition",R_Scores!H$5:H$44,">=0")=0,COUNTIFS(R_Scores!$B$5:$B$44,2,R_Scores!$C$5:$C$44,"Paper condition",R_Scores!H$5:H$44,">=0")=0),"",SUM(Helper!CA$5:CA$44))) | M51: =IF(L51="","",IF(SQRT(COUNTIFS(R_Scores!$B$5:$B$44,2,R_Scores!$C$5:$C$44,"Tool condition",R_Scores!H$5:H$44,">=0")*COUNTIFS(R_Scores!$B$5:$B$44,2,R_Scores!$C$5:$C$44,"Paper condition",R_Scores!H$5:H$44,">=0")/12*(((COUNTIFS(R_Scores!$B$5:$B$44,2,R_Scores!$C$5:$C$44,"Tool condition",R_Scores!H$5:H$44,">=0")+COUNTIFS(R_Scores!$B$5:$B$44,2,R_Scores!$C$5:$C$44,"Paper condition",R_Scores!H$5:H$44,">=0"))+1)-SUM(Helper!CB$5:CB$44)/((COUNTIFS(R_Scores!$B$5:$B$44,2,R_Scores!$C$5:$C$44,"Tool condition",R_Scores!H$5:H$44,">=0")+COUNTIFS(R_Scores!$B$5:$B$44,2,R_Scores!$C$5:$C$44,"Paper condition",R_Scores!H$5:H$44,">=0"))*((COUNTIFS(R_Scores!$B$5:$B$44,2,R_Scores!$C$5:$C$44,"Tool condition",R_Scores!H$5:H$44,">=0")+COUNTIFS(R_Scores!$B$5:$B$44,2,R_Scores!$C$5:$C$44,"Paper condition",R_Scores!H$5:H$44,">=0"))-1))))=0,1,MIN(1,2*(1-NORMSDIST((ABS(L51-COUNTIFS(R_Scores!$B$5:$B$44,2,R_Scores!$C$5:$C$44,"Tool condition",R_Scores!H$5:H$44,">=0")*COUNTIFS(R_Scores!$B$5:$B$44,2,R_Scores!$C$5:$C$44,"Paper condition",R_Scores!H$5:H$44,">=0")/2)-0.5)/SQRT(COUNTIFS(R_Scores!$B$5:$B$44,2,R_Scores!$C$5:$C$44,"Tool condition",R_Scores!H$5:H$44,">=0")*COUNTIFS(R_Scores!$B$5:$B$44,2,R_Scores!$C$5:$C$44,"Paper condition",R_Scores!H$5:H$44,">=0")/12*(((COUNTIFS(R_Scores!$B$5:$B$44,2,R_Scores!$C$5:$C$44,"Tool condition",R_Scores!H$5:H$44,">=0")+COUNTIFS(R_Scores!$B$5:$B$44,2,R_Scores!$C$5:$C$44,"Paper condition",R_Scores!H$5:H$44,">=0"))+1)-SUM(Helper!CB$5:CB$44)/((COUNTIFS(R_Scores!$B$5:$B$44,2,R_Scores!$C$5:$C$44,"Tool condition",R_Scores!H$5:H$44,">=0")+COUNTIFS(R_Scores!$B$5:$B$44,2,R_Scores!$C$5:$C$44,"Paper condition",R_Scores!H$5:H$44,">=0"))*((COUNTIFS(R_Scores!$B$5:$B$44,2,R_Scores!$C$5:$C$44,"Tool condition",R_Scores!H$5:H$44,">=0")+COUNTIFS(R_Scores!$B$5:$B$44,2,R_Scores!$C$5:$C$44,"Paper condition",R_Scores!H$5:H$44,">=0"))-1))))))))) | N51: =IF(M51="","",INDEX(Helper!$P$100:$P$111,RANK(M51,Analysis!$M$48:$M$59,1)+COUNTIF(Analysis!$M$48:$M$59,M51)-1)) | O51: =IF(L51="","",2*L51/(COUNTIFS(R_Scores!$B$5:$B$44,2,R_Scores!$C$5:$C$44,"Tool condition",R_Scores!H$5:H$44,">=0")*COUNTIFS(R_Scores!$B$5:$B$44,2,R_Scores!$C$5:$C$44,"Paper condition",R_Scores!H$5:H$44,">=0"))-1)
A52: T5 | B52: =IF(OR(Tasks!$G$6="No",Tasks!$F$6<>"Yes"),"",Tasks!E6&"") -> Gate | C52: =IF(OR(Tasks!$G$6="No",Tasks!$F$6<>"Yes"),"",Tasks!D6&"") -> Derivation | D52: =IF(OR(Tasks!$G$6="No",Tasks!$F$6<>"Yes"),"",COUNTIFS(R_Scores!$B$5:$B$44,1,R_Scores!$C$5:$C$44,"Tool condition",R_Scores!I$5:I$44,1)) -> 8 | E52: =IF(OR(Tasks!$G$6="No",Tasks!$F$6<>"Yes"),"",COUNTIFS(R_Scores!$B$5:$B$44,1,R_Scores!$C$5:$C$44,"Paper condition",R_Scores!I$5:I$44,1)) -> 5 | F52: =IF(OR(Tasks!$G$6="No",Tasks!$F$6<>"Yes"),"",COUNTIFS(R_Scores!$B$5:$B$44,2,R_Scores!$C$5:$C$44,"Tool condition",R_Scores!I$5:I$44,1)) -> 8 | G52: =IF(OR(Tasks!$G$6="No",Tasks!$F$6<>"Yes"),"",COUNTIFS(R_Scores!$B$5:$B$44,2,R_Scores!$C$5:$C$44,"Paper condition",R_Scores!I$5:I$44,1)) -> 8 | H52: =IF(OR(Tasks!$G$6="No",Tasks!$F$6<>"Yes"),"",IF(OR(COUNTIFS(R_Scores!$B$5:$B$44,1,R_Scores!$C$5:$C$44,"Tool condition",R_Scores!I$5:I$44,">=0")=0,COUNTIFS(R_Scores!$B$5:$B$44,1,R_Scores!$C$5:$C$44,"Paper condition",R_Scores!I$5:I$44,">=0")=0),"",SUM(Helper!CD$5:CD$44))) -> 65 | I52: =IF(H52="","",IF(SQRT(COUNTIFS(R_Scores!$B$5:$B$44,1,R_Scores!$C$5:$C$44,"Tool condition",R_Scores!I$5:I$44,">=0")*COUNTIFS(R_Scores!$B$5:$B$44,1,R_Scores!$C$5:$C$44,"Paper condition",R_Scores!I$5:I$44,">=0")/12*(((COUNTIFS(R_Scores!$B$5:$B$44,1,R_Scores!$C$5:$C$44,"Tool condition",R_Scores!I$5:I$44,">=0")+COUNTIFS(R_Scores!$B$5:$B$44,1,R_Scores!$C$5:$C$44,"Paper condition",R_Scores!I$5:I$44,">=0"))+1)-SUM(Helper!CE$5:CE$44)/((COUNTIFS(R_Scores!$B$5:$B$44,1,R_Scores!$C$5:$C$44,"Tool condition",R_Scores!I$5:I$44,">=0")+COUNTIFS(R_Scores!$B$5:$B$44,1,R_Scores!$C$5:$C$44,"Paper condition",R_Scores!I$5:I$44,">=0"))*((COUNTIFS(R_Scores!$B$5:$B$44,1,R_Scores!$C$5:$C$44,"Tool condition",R_Scores!I$5:I$44,">=0")+COUNTIFS(R_Scores!$B$5:$B$44,1,R_Scores!$C$5:$C$44,"Paper condition",R_Scores!I$5:I$44,">=0"))-1))))=0,1,MIN(1,2*(1-NORMSDIST((ABS(H52-COUNTIFS(R_Scores!$B$5:$B$44,1,R_Scores!$C$5:$C$44,"Tool condition",R_Scores!I$5:I$44,">=0")*COUNTIFS(R_Scores!$B$5:$B$44,1,R_Scores!$C$5:$C$44,"Paper condition",R_Scores!I$5:I$44,">=0")/2)-0.5)/SQRT(COUNTIFS(R_Scores!$B$5:$B$44,1,R_Scores!$C$5:$C$44,"Tool condition",R_Scores!I$5:I$44,">=0")*COUNTIFS(R_Scores!$B$5:$B$44,1,R_Scores!$C$5:$C$44,"Paper condition",R_Scores!I$5:I$44,">=0")/12*(((COUNTIFS(R_Scores!$B$5:$B$44,1,R_Scores!$C$5:$C$44,"Tool condition",R_Scores!I$5:I$44,">=0")+COUNTIFS(R_Scores!$B$5:$B$44,1,R_Scores!$C$5:$C$44,"Paper condition",R_Scores!I$5:I$44,">=0"))+1)-SUM(Helper!CE$5:CE$44)/((COUNTIFS(R_Scores!$B$5:$B$44,1,R_Scores!$C$5:$C$44,"Tool condition",R_Scores!I$5:I$44,">=0")+COUNTIFS(R_Scores!$B$5:$B$44,1,R_Scores!$C$5:$C$44,"Paper condition",R_Scores!I$5:I$44,">=0"))*((COUNTIFS(R_Scores!$B$5:$B$44,1,R_Scores!$C$5:$C$44,"Tool condition",R_Scores!I$5:I$44,">=0")+COUNTIFS(R_Scores!$B$5:$B$44,1,R_Scores!$C$5:$C$44,"Paper condition",R_Scores!I$5:I$44,">=0"))-1))))))))) -> 0.18513247 | J52: =IF(I52="","",INDEX(Helper!$L$100:$L$111,RANK(I52,Analysis!$I$48:$I$59,1)+COUNTIF(Analysis!$I$48:$I$59,I52)-1)) -> 0.72195254 | K52: =IF(H52="","",2*H52/(COUNTIFS(R_Scores!$B$5:$B$44,1,R_Scores!$C$5:$C$44,"Tool condition",R_Scores!I$5:I$44,">=0")*COUNTIFS(R_Scores!$B$5:$B$44,1,R_Scores!$C$5:$C$44,"Paper condition",R_Scores!I$5:I$44,">=0"))-1) -> 0.3 | L52: =IF(OR(Tasks!$G$6="No",Tasks!$F$6<>"Yes"),"",IF(OR(COUNTIFS(R_Scores!$B$5:$B$44,2,R_Scores!$C$5:$C$44,"Tool condition",R_Scores!I$5:I$44,">=0")=0,COUNTIFS(R_Scores!$B$5:$B$44,2,R_Scores!$C$5:$C$44,"Paper condition",R_Scores!I$5:I$44,">=0")=0),"",SUM(Helper!CF$5:CF$44))) -> 50 | M52: =IF(L52="","",IF(SQRT(COUNTIFS(R_Scores!$B$5:$B$44,2,R_Scores!$C$5:$C$44,"Tool condition",R_Scores!I$5:I$44,">=0")*COUNTIFS(R_Scores!$B$5:$B$44,2,R_Scores!$C$5:$C$44,"Paper condition",R_Scores!I$5:I$44,">=0")/12*(((COUNTIFS(R_Scores!$B$5:$B$44,2,R_Scores!$C$5:$C$44,"Tool condition",R_Scores!I$5:I$44,">=0")+COUNTIFS(R_Scores!$B$5:$B$44,2,R_Scores!$C$5:$C$44,"Paper condition",R_Scores!I$5:I$44,">=0"))+1)-SUM(Helper!CG$5:CG$44)/((COUNTIFS(R_Scores!$B$5:$B$44,2,R_Scores!$C$5:$C$44,"Tool condition",R_Scores!I$5:I$44,">=0")+COUNTIFS(R_Scores!$B$5:$B$44,2,R_Scores!$C$5:$C$44,"Paper condition",R_Scores!I$5:I$44,">=0"))*((COUNTIFS(R_Scores!$B$5:$B$44,2,R_Scores!$C$5:$C$44,"Tool condition",R_Scores!I$5:I$44,">=0")+COUNTIFS(R_Scores!$B$5:$B$44,2,R_Scores!$C$5:$C$44,"Paper condition",R_Scores!I$5:I$44,">=0"))-1))))=0,1,MIN(1,2*(1-NORMSDIST((ABS(L52-COUNTIFS(R_Scores!$B$5:$B$44,2,R_Scores!$C$5:$C$44,"Tool condition",R_Scores!I$5:I$44,">=0")*COUNTIFS(R_Scores!$B$5:$B$44,2,R_Scores!$C$5:$C$44,"Paper condition",R_Scores!I$5:I$44,">=0")/2)-0.5)/SQRT(COUNTIFS(R_Scores!$B$5:$B$44,2,R_Scores!$C$5:$C$44,"Tool condition",R_Scores!I$5:I$44,">=0")*COUNTIFS(R_Scores!$B$5:$B$44,2,R_Scores!$C$5:$C$44,"Paper condition",R_Scores!I$5:I$44,">=0")/12*(((COUNTIFS(R_Scores!$B$5:$B$44,2,R_Scores!$C$5:$C$44,"Tool condition",R_Scores!I$5:I$44,">=0")+COUNTIFS(R_Scores!$B$5:$B$44,2,R_Scores!$C$5:$C$44,"Paper condition",R_Scores!I$5:I$44,">=0"))+1)-SUM(Helper!CG$5:CG$44)/((COUNTIFS(R_Scores!$B$5:$B$44,2,R_Scores!$C$5:$C$44,"Tool condition",R_Scores!I$5:I$44,">=0")+COUNTIFS(R_Scores!$B$5:$B$44,2,R_Scores!$C$5:$C$44,"Paper condition",R_Scores!I$5:I$44,">=0"))*((COUNTIFS(R_Scores!$B$5:$B$44,2,R_Scores!$C$5:$C$44,"Tool condition",R_Scores!I$5:I$44,">=0")+COUNTIFS(R_Scores!$B$5:$B$44,2,R_Scores!$C$5:$C$44,"Paper condition",R_Scores!I$5:I$44,">=0"))-1))))))))) -> 1 | N52: =IF(M52="","",INDEX(Helper!$P$100:$P$111,RANK(M52,Analysis!$M$48:$M$59,1)+COUNTIF(Analysis!$M$48:$M$59,M52)-1)) -> 1 | O52: =IF(L52="","",2*L52/(COUNTIFS(R_Scores!$B$5:$B$44,2,R_Scores!$C$5:$C$44,"Tool condition",R_Scores!I$5:I$44,">=0")*COUNTIFS(R_Scores!$B$5:$B$44,2,R_Scores!$C$5:$C$44,"Paper condition",R_Scores!I$5:I$44,">=0"))-1) -> 0
A53: T6 | B53: =IF(OR(Tasks!$G$7="No",Tasks!$F$7<>"Yes"),"",Tasks!E7&"") -> Gate | C53: =IF(OR(Tasks!$G$7="No",Tasks!$F$7<>"Yes"),"",Tasks!D7&"") -> Code | D53: =IF(OR(Tasks!$G$7="No",Tasks!$F$7<>"Yes"),"",COUNTIFS(R_Scores!$B$5:$B$44,1,R_Scores!$C$5:$C$44,"Tool condition",R_Scores!J$5:J$44,1)) -> 9 | E53: =IF(OR(Tasks!$G$7="No",Tasks!$F$7<>"Yes"),"",COUNTIFS(R_Scores!$B$5:$B$44,1,R_Scores!$C$5:$C$44,"Paper condition",R_Scores!J$5:J$44,1)) -> 6 | F53: =IF(OR(Tasks!$G$7="No",Tasks!$F$7<>"Yes"),"",COUNTIFS(R_Scores!$B$5:$B$44,2,R_Scores!$C$5:$C$44,"Tool condition",R_Scores!J$5:J$44,1)) -> 8 | G53: =IF(OR(Tasks!$G$7="No",Tasks!$F$7<>"Yes"),"",COUNTIFS(R_Scores!$B$5:$B$44,2,R_Scores!$C$5:$C$44,"Paper condition",R_Scores!J$5:J$44,1)) -> 6 | H53: =IF(OR(Tasks!$G$7="No",Tasks!$F$7<>"Yes"),"",IF(OR(COUNTIFS(R_Scores!$B$5:$B$44,1,R_Scores!$C$5:$C$44,"Tool condition",R_Scores!J$5:J$44,">=0")=0,COUNTIFS(R_Scores!$B$5:$B$44,1,R_Scores!$C$5:$C$44,"Paper condition",R_Scores!J$5:J$44,">=0")=0),"",SUM(Helper!CI$5:CI$44))) -> 65 | I53: =IF(H53="","",IF(SQRT(COUNTIFS(R_Scores!$B$5:$B$44,1,R_Scores!$C$5:$C$44,"Tool condition",R_Scores!J$5:J$44,">=0")*COUNTIFS(R_Scores!$B$5:$B$44,1,R_Scores!$C$5:$C$44,"Paper condition",R_Scores!J$5:J$44,">=0")/12*(((COUNTIFS(R_Scores!$B$5:$B$44,1,R_Scores!$C$5:$C$44,"Tool condition",R_Scores!J$5:J$44,">=0")+COUNTIFS(R_Scores!$B$5:$B$44,1,R_Scores!$C$5:$C$44,"Paper condition",R_Scores!J$5:J$44,">=0"))+1)-SUM(Helper!CJ$5:CJ$44)/((COUNTIFS(R_Scores!$B$5:$B$44,1,R_Scores!$C$5:$C$44,"Tool condition",R_Scores!J$5:J$44,">=0")+COUNTIFS(R_Scores!$B$5:$B$44,1,R_Scores!$C$5:$C$44,"Paper condition",R_Scores!J$5:J$44,">=0"))*((COUNTIFS(R_Scores!$B$5:$B$44,1,R_Scores!$C$5:$C$44,"Tool condition",R_Scores!J$5:J$44,">=0")+COUNTIFS(R_Scores!$B$5:$B$44,1,R_Scores!$C$5:$C$44,"Paper condition",R_Scores!J$5:J$44,">=0"))-1))))=0,1,MIN(1,2*(1-NORMSDIST((ABS(H53-COUNTIFS(R_Scores!$B$5:$B$44,1,R_Scores!$C$5:$C$44,"Tool condition",R_Scores!J$5:J$44,">=0")*COUNTIFS(R_Scores!$B$5:$B$44,1,R_Scores!$C$5:$C$44,"Paper condition",R_Scores!J$5:J$44,">=0")/2)-0.5)/SQRT(COUNTIFS(R_Scores!$B$5:$B$44,1,R_Scores!$C$5:$C$44,"Tool condition",R_Scores!J$5:J$44,">=0")*COUNTIFS(R_Scores!$B$5:$B$44,1,R_Scores!$C$5:$C$44,"Paper condition",R_Scores!J$5:J$44,">=0")/12*(((COUNTIFS(R_Scores!$B$5:$B$44,1,R_Scores!$C$5:$C$44,"Tool condition",R_Scores!J$5:J$44,">=0")+COUNTIFS(R_Scores!$B$5:$B$44,1,R_Scores!$C$5:$C$44,"Paper condition",R_Scores!J$5:J$44,">=0"))+1)-SUM(Helper!CJ$5:CJ$44)/((COUNTIFS(R_Scores!$B$5:$B$44,1,R_Scores!$C$5:$C$44,"Tool condition",R_Scores!J$5:J$44,">=0")+COUNTIFS(R_Scores!$B$5:$B$44,1,R_Scores!$C$5:$C$44,"Paper condition",R_Scores!J$5:J$44,">=0"))*((COUNTIFS(R_Scores!$B$5:$B$44,1,R_Scores!$C$5:$C$44,"Tool condition",R_Scores!J$5:J$44,">=0")+COUNTIFS(R_Scores!$B$5:$B$44,1,R_Scores!$C$5:$C$44,"Paper condition",R_Scores!J$5:J$44,">=0"))-1))))))))) -> 0.14439051 | J53: =IF(I53="","",INDEX(Helper!$L$100:$L$111,RANK(I53,Analysis!$I$48:$I$59,1)+COUNTIF(Analysis!$I$48:$I$59,I53)-1)) -> 0.72195254 | K53: =IF(H53="","",2*H53/(COUNTIFS(R_Scores!$B$5:$B$44,1,R_Scores!$C$5:$C$44,"Tool condition",R_Scores!J$5:J$44,">=0")*COUNTIFS(R_Scores!$B$5:$B$44,1,R_Scores!$C$5:$C$44,"Paper condition",R_Scores!J$5:J$44,">=0"))-1) -> 0.3 | L53: =IF(OR(Tasks!$G$7="No",Tasks!$F$7<>"Yes"),"",IF(OR(COUNTIFS(R_Scores!$B$5:$B$44,2,R_Scores!$C$5:$C$44,"Tool condition",R_Scores!J$5:J$44,">=0")=0,COUNTIFS(R_Scores!$B$5:$B$44,2,R_Scores!$C$5:$C$44,"Paper condition",R_Scores!J$5:J$44,">=0")=0),"",SUM(Helper!CK$5:CK$44))) -> 60 | M53: =IF(L53="","",IF(SQRT(COUNTIFS(R_Scores!$B$5:$B$44,2,R_Scores!$C$5:$C$44,"Tool condition",R_Scores!J$5:J$44,">=0")*COUNTIFS(R_Scores!$B$5:$B$44,2,R_Scores!$C$5:$C$44,"Paper condition",R_Scores!J$5:J$44,">=0")/12*(((COUNTIFS(R_Scores!$B$5:$B$44,2,R_Scores!$C$5:$C$44,"Tool condition",R_Scores!J$5:J$44,">=0")+COUNTIFS(R_Scores!$B$5:$B$44,2,R_Scores!$C$5:$C$44,"Paper condition",R_Scores!J$5:J$44,">=0"))+1)-SUM(Helper!CL$5:CL$44)/((COUNTIFS(R_Scores!$B$5:$B$44,2,R_Scores!$C$5:$C$44,"Tool condition",R_Scores!J$5:J$44,">=0")+COUNTIFS(R_Scores!$B$5:$B$44,2,R_Scores!$C$5:$C$44,"Paper condition",R_Scores!J$5:J$44,">=0"))*((COUNTIFS(R_Scores!$B$5:$B$44,2,R_Scores!$C$5:$C$44,"Tool condition",R_Scores!J$5:J$44,">=0")+COUNTIFS(R_Scores!$B$5:$B$44,2,R_Scores!$C$5:$C$44,"Paper condition",R_Scores!J$5:J$44,">=0"))-1))))=0,1,MIN(1,2*(1-NORMSDIST((ABS(L53-COUNTIFS(R_Scores!$B$5:$B$44,2,R_Scores!$C$5:$C$44,"Tool condition",R_Scores!J$5:J$44,">=0")*COUNTIFS(R_Scores!$B$5:$B$44,2,R_Scores!$C$5:$C$44,"Paper condition",R_Scores!J$5:J$44,">=0")/2)-0.5)/SQRT(COUNTIFS(R_Scores!$B$5:$B$44,2,R_Scores!$C$5:$C$44,"Tool condition",R_Scores!J$5:J$44,">=0")*COUNTIFS(R_Scores!$B$5:$B$44,2,R_Scores!$C$5:$C$44,"Paper condition",R_Scores!J$5:J$44,">=0")/12*(((COUNTIFS(R_Scores!$B$5:$B$44,2,R_Scores!$C$5:$C$44,"Tool condition",R_Scores!J$5:J$44,">=0")+COUNTIFS(R_Scores!$B$5:$B$44,2,R_Scores!$C$5:$C$44,"Paper condition",R_Scores!J$5:J$44,">=0"))+1)-SUM(Helper!CL$5:CL$44)/((COUNTIFS(R_Scores!$B$5:$B$44,2,R_Scores!$C$5:$C$44,"Tool condition",R_Scores!J$5:J$44,">=0")+COUNTIFS(R_Scores!$B$5:$B$44,2,R_Scores!$C$5:$C$44,"Paper condition",R_Scores!J$5:J$44,">=0"))*((COUNTIFS(R_Scores!$B$5:$B$44,2,R_Scores!$C$5:$C$44,"Tool condition",R_Scores!J$5:J$44,">=0")+COUNTIFS(R_Scores!$B$5:$B$44,2,R_Scores!$C$5:$C$44,"Paper condition",R_Scores!J$5:J$44,">=0"))-1))))))))) -> 0.3661915 | N53: =IF(M53="","",INDEX(Helper!$P$100:$P$111,RANK(M53,Analysis!$M$48:$M$59,1)+COUNTIF(Analysis!$M$48:$M$59,M53)-1)) -> 1 | O53: =IF(L53="","",2*L53/(COUNTIFS(R_Scores!$B$5:$B$44,2,R_Scores!$C$5:$C$44,"Tool condition",R_Scores!J$5:J$44,">=0")*COUNTIFS(R_Scores!$B$5:$B$44,2,R_Scores!$C$5:$C$44,"Paper condition",R_Scores!J$5:J$44,">=0"))-1) -> 0.2
A54: T7 | B54: =IF(OR(Tasks!$G$8="No",Tasks!$F$8<>"Yes"),"",Tasks!E8&"") | C54: =IF(OR(Tasks!$G$8="No",Tasks!$F$8<>"Yes"),"",Tasks!D8&"") | D54: =IF(OR(Tasks!$G$8="No",Tasks!$F$8<>"Yes"),"",COUNTIFS(R_Scores!$B$5:$B$44,1,R_Scores!$C$5:$C$44,"Tool condition",R_Scores!K$5:K$44,1)) | E54: =IF(OR(Tasks!$G$8="No",Tasks!$F$8<>"Yes"),"",COUNTIFS(R_Scores!$B$5:$B$44,1,R_Scores!$C$5:$C$44,"Paper condition",R_Scores!K$5:K$44,1)) | F54: =IF(OR(Tasks!$G$8="No",Tasks!$F$8<>"Yes"),"",COUNTIFS(R_Scores!$B$5:$B$44,2,R_Scores!$C$5:$C$44,"Tool condition",R_Scores!K$5:K$44,1)) | G54: =IF(OR(Tasks!$G$8="No",Tasks!$F$8<>"Yes"),"",COUNTIFS(R_Scores!$B$5:$B$44,2,R_Scores!$C$5:$C$44,"Paper condition",R_Scores!K$5:K$44,1)) | H54: =IF(OR(Tasks!$G$8="No",Tasks!$F$8<>"Yes"),"",IF(OR(COUNTIFS(R_Scores!$B$5:$B$44,1,R_Scores!$C$5:$C$44,"Tool condition",R_Scores!K$5:K$44,">=0")=0,COUNTIFS(R_Scores!$B$5:$B$44,1,R_Scores!$C$5:$C$44,"Paper condition",R_Scores!K$5:K$44,">=0")=0),"",SUM(Helper!CN$5:CN$44))) | I54: =IF(H54="","",IF(SQRT(COUNTIFS(R_Scores!$B$5:$B$44,1,R_Scores!$C$5:$C$44,"Tool condition",R_Scores!K$5:K$44,">=0")*COUNTIFS(R_Scores!$B$5:$B$44,1,R_Scores!$C$5:$C$44,"Paper condition",R_Scores!K$5:K$44,">=0")/12*(((COUNTIFS(R_Scores!$B$5:$B$44,1,R_Scores!$C$5:$C$44,"Tool condition",R_Scores!K$5:K$44,">=0")+COUNTIFS(R_Scores!$B$5:$B$44,1,R_Scores!$C$5:$C$44,"Paper condition",R_Scores!K$5:K$44,">=0"))+1)-SUM(Helper!CO$5:CO$44)/((COUNTIFS(R_Scores!$B$5:$B$44,1,R_Scores!$C$5:$C$44,"Tool condition",R_Scores!K$5:K$44,">=0")+COUNTIFS(R_Scores!$B$5:$B$44,1,R_Scores!$C$5:$C$44,"Paper condition",R_Scores!K$5:K$44,">=0"))*((COUNTIFS(R_Scores!$B$5:$B$44,1,R_Scores!$C$5:$C$44,"Tool condition",R_Scores!K$5:K$44,">=0")+COUNTIFS(R_Scores!$B$5:$B$44,1,R_Scores!$C$5:$C$44,"Paper condition",R_Scores!K$5:K$44,">=0"))-1))))=0,1,MIN(1,2*(1-NORMSDIST((ABS(H54-COUNTIFS(R_Scores!$B$5:$B$44,1,R_Scores!$C$5:$C$44,"Tool condition",R_Scores!K$5:K$44,">=0")*COUNTIFS(R_Scores!$B$5:$B$44,1,R_Scores!$C$5:$C$44,"Paper condition",R_Scores!K$5:K$44,">=0")/2)-0.5)/SQRT(COUNTIFS(R_Scores!$B$5:$B$44,1,R_Scores!$C$5:$C$44,"Tool condition",R_Scores!K$5:K$44,">=0")*COUNTIFS(R_Scores!$B$5:$B$44,1,R_Scores!$C$5:$C$44,"Paper condition",R_Scores!K$5:K$44,">=0")/12*(((COUNTIFS(R_Scores!$B$5:$B$44,1,R_Scores!$C$5:$C$44,"Tool condition",R_Scores!K$5:K$44,">=0")+COUNTIFS(R_Scores!$B$5:$B$44,1,R_Scores!$C$5:$C$44,"Paper condition",R_Scores!K$5:K$44,">=0"))+1)-SUM(Helper!CO$5:CO$44)/((COUNTIFS(R_Scores!$B$5:$B$44,1,R_Scores!$C$5:$C$44,"Tool condition",R_Scores!K$5:K$44,">=0")+COUNTIFS(R_Scores!$B$5:$B$44,1,R_Scores!$C$5:$C$44,"Paper condition",R_Scores!K$5:K$44,">=0"))*((COUNTIFS(R_Scores!$B$5:$B$44,1,R_Scores!$C$5:$C$44,"Tool condition",R_Scores!K$5:K$44,">=0")+COUNTIFS(R_Scores!$B$5:$B$44,1,R_Scores!$C$5:$C$44,"Paper condition",R_Scores!K$5:K$44,">=0"))-1))))))))) | J54: =IF(I54="","",INDEX(Helper!$L$100:$L$111,RANK(I54,Analysis!$I$48:$I$59,1)+COUNTIF(Analysis!$I$48:$I$59,I54)-1)) | K54: =IF(H54="","",2*H54/(COUNTIFS(R_Scores!$B$5:$B$44,1,R_Scores!$C$5:$C$44,"Tool condition",R_Scores!K$5:K$44,">=0")*COUNTIFS(R_Scores!$B$5:$B$44,1,R_Scores!$C$5:$C$44,"Paper condition",R_Scores!K$5:K$44,">=0"))-1) | L54: =IF(OR(Tasks!$G$8="No",Tasks!$F$8<>"Yes"),"",IF(OR(COUNTIFS(R_Scores!$B$5:$B$44,2,R_Scores!$C$5:$C$44,"Tool condition",R_Scores!K$5:K$44,">=0")=0,COUNTIFS(R_Scores!$B$5:$B$44,2,R_Scores!$C$5:$C$44,"Paper condition",R_Scores!K$5:K$44,">=0")=0),"",SUM(Helper!CP$5:CP$44))) | M54: =IF(L54="","",IF(SQRT(COUNTIFS(R_Scores!$B$5:$B$44,2,R_Scores!$C$5:$C$44,"Tool condition",R_Scores!K$5:K$44,">=0")*COUNTIFS(R_Scores!$B$5:$B$44,2,R_Scores!$C$5:$C$44,"Paper condition",R_Scores!K$5:K$44,">=0")/12*(((COUNTIFS(R_Scores!$B$5:$B$44,2,R_Scores!$C$5:$C$44,"Tool condition",R_Scores!K$5:K$44,">=0")+COUNTIFS(R_Scores!$B$5:$B$44,2,R_Scores!$C$5:$C$44,"Paper condition",R_Scores!K$5:K$44,">=0"))+1)-SUM(Helper!CQ$5:CQ$44)/((COUNTIFS(R_Scores!$B$5:$B$44,2,R_Scores!$C$5:$C$44,"Tool condition",R_Scores!K$5:K$44,">=0")+COUNTIFS(R_Scores!$B$5:$B$44,2,R_Scores!$C$5:$C$44,"Paper condition",R_Scores!K$5:K$44,">=0"))*((COUNTIFS(R_Scores!$B$5:$B$44,2,R_Scores!$C$5:$C$44,"Tool condition",R_Scores!K$5:K$44,">=0")+COUNTIFS(R_Scores!$B$5:$B$44,2,R_Scores!$C$5:$C$44,"Paper condition",R_Scores!K$5:K$44,">=0"))-1))))=0,1,MIN(1,2*(1-NORMSDIST((ABS(L54-COUNTIFS(R_Scores!$B$5:$B$44,2,R_Scores!$C$5:$C$44,"Tool condition",R_Scores!K$5:K$44,">=0")*COUNTIFS(R_Scores!$B$5:$B$44,2,R_Scores!$C$5:$C$44,"Paper condition",R_Scores!K$5:K$44,">=0")/2)-0.5)/SQRT(COUNTIFS(R_Scores!$B$5:$B$44,2,R_Scores!$C$5:$C$44,"Tool condition",R_Scores!K$5:K$44,">=0")*COUNTIFS(R_Scores!$B$5:$B$44,2,R_Scores!$C$5:$C$44,"Paper condition",R_Scores!K$5:K$44,">=0")/12*(((COUNTIFS(R_Scores!$B$5:$B$44,2,R_Scores!$C$5:$C$44,"Tool condition",R_Scores!K$5:K$44,">=0")+COUNTIFS(R_Scores!$B$5:$B$44,2,R_Scores!$C$5:$C$44,"Paper condition",R_Scores!K$5:K$44,">=0"))+1)-SUM(Helper!CQ$5:CQ$44)/((COUNTIFS(R_Scores!$B$5:$B$44,2,R_Scores!$C$5:$C$44,"Tool condition",R_Scores!K$5:K$44,">=0")+COUNTIFS(R_Scores!$B$5:$B$44,2,R_Scores!$C$5:$C$44,"Paper condition",R_Scores!K$5:K$44,">=0"))*((COUNTIFS(R_Scores!$B$5:$B$44,2,R_Scores!$C$5:$C$44,"Tool condition",R_Scores!K$5:K$44,">=0")+COUNTIFS(R_Scores!$B$5:$B$44,2,R_Scores!$C$5:$C$44,"Paper condition",R_Scores!K$5:K$44,">=0"))-1))))))))) | N54: =IF(M54="","",INDEX(Helper!$P$100:$P$111,RANK(M54,Analysis!$M$48:$M$59,1)+COUNTIF(Analysis!$M$48:$M$59,M54)-1)) | O54: =IF(L54="","",2*L54/(COUNTIFS(R_Scores!$B$5:$B$44,2,R_Scores!$C$5:$C$44,"Tool condition",R_Scores!K$5:K$44,">=0")*COUNTIFS(R_Scores!$B$5:$B$44,2,R_Scores!$C$5:$C$44,"Paper condition",R_Scores!K$5:K$44,">=0"))-1)
A55: T8 | B55: =IF(OR(Tasks!$G$9="No",Tasks!$F$9<>"Yes"),"",Tasks!E9&"") | C55: =IF(OR(Tasks!$G$9="No",Tasks!$F$9<>"Yes"),"",Tasks!D9&"") | D55: =IF(OR(Tasks!$G$9="No",Tasks!$F$9<>"Yes"),"",COUNTIFS(R_Scores!$B$5:$B$44,1,R_Scores!$C$5:$C$44,"Tool condition",R_Scores!L$5:L$44,1)) | E55: =IF(OR(Tasks!$G$9="No",Tasks!$F$9<>"Yes"),"",COUNTIFS(R_Scores!$B$5:$B$44,1,R_Scores!$C$5:$C$44,"Paper condition",R_Scores!L$5:L$44,1)) | F55: =IF(OR(Tasks!$G$9="No",Tasks!$F$9<>"Yes"),"",COUNTIFS(R_Scores!$B$5:$B$44,2,R_Scores!$C$5:$C$44,"Tool condition",R_Scores!L$5:L$44,1)) | G55: =IF(OR(Tasks!$G$9="No",Tasks!$F$9<>"Yes"),"",COUNTIFS(R_Scores!$B$5:$B$44,2,R_Scores!$C$5:$C$44,"Paper condition",R_Scores!L$5:L$44,1)) | H55: =IF(OR(Tasks!$G$9="No",Tasks!$F$9<>"Yes"),"",IF(OR(COUNTIFS(R_Scores!$B$5:$B$44,1,R_Scores!$C$5:$C$44,"Tool condition",R_Scores!L$5:L$44,">=0")=0,COUNTIFS(R_Scores!$B$5:$B$44,1,R_Scores!$C$5:$C$44,"Paper condition",R_Scores!L$5:L$44,">=0")=0),"",SUM(Helper!CS$5:CS$44))) | I55: =IF(H55="","",IF(SQRT(COUNTIFS(R_Scores!$B$5:$B$44,1,R_Scores!$C$5:$C$44,"Tool condition",R_Scores!L$5:L$44,">=0")*COUNTIFS(R_Scores!$B$5:$B$44,1,R_Scores!$C$5:$C$44,"Paper condition",R_Scores!L$5:L$44,">=0")/12*(((COUNTIFS(R_Scores!$B$5:$B$44,1,R_Scores!$C$5:$C$44,"Tool condition",R_Scores!L$5:L$44,">=0")+COUNTIFS(R_Scores!$B$5:$B$44,1,R_Scores!$C$5:$C$44,"Paper condition",R_Scores!L$5:L$44,">=0"))+1)-SUM(Helper!CT$5:CT$44)/((COUNTIFS(R_Scores!$B$5:$B$44,1,R_Scores!$C$5:$C$44,"Tool condition",R_Scores!L$5:L$44,">=0")+COUNTIFS(R_Scores!$B$5:$B$44,1,R_Scores!$C$5:$C$44,"Paper condition",R_Scores!L$5:L$44,">=0"))*((COUNTIFS(R_Scores!$B$5:$B$44,1,R_Scores!$C$5:$C$44,"Tool condition",R_Scores!L$5:L$44,">=0")+COUNTIFS(R_Scores!$B$5:$B$44,1,R_Scores!$C$5:$C$44,"Paper condition",R_Scores!L$5:L$44,">=0"))-1))))=0,1,MIN(1,2*(1-NORMSDIST((ABS(H55-COUNTIFS(R_Scores!$B$5:$B$44,1,R_Scores!$C$5:$C$44,"Tool condition",R_Scores!L$5:L$44,">=0")*COUNTIFS(R_Scores!$B$5:$B$44,1,R_Scores!$C$5:$C$44,"Paper condition",R_Scores!L$5:L$44,">=0")/2)-0.5)/SQRT(COUNTIFS(R_Scores!$B$5:$B$44,1,R_Scores!$C$5:$C$44,"Tool condition",R_Scores!L$5:L$44,">=0")*COUNTIFS(R_Scores!$B$5:$B$44,1,R_Scores!$C$5:$C$44,"Paper condition",R_Scores!L$5:L$44,">=0")/12*(((COUNTIFS(R_Scores!$B$5:$B$44,1,R_Scores!$C$5:$C$44,"Tool condition",R_Scores!L$5:L$44,">=0")+COUNTIFS(R_Scores!$B$5:$B$44,1,R_Scores!$C$5:$C$44,"Paper condition",R_Scores!L$5:L$44,">=0"))+1)-SUM(Helper!CT$5:CT$44)/((COUNTIFS(R_Scores!$B$5:$B$44,1,R_Scores!$C$5:$C$44,"Tool condition",R_Scores!L$5:L$44,">=0")+COUNTIFS(R_Scores!$B$5:$B$44,1,R_Scores!$C$5:$C$44,"Paper condition",R_Scores!L$5:L$44,">=0"))*((COUNTIFS(R_Scores!$B$5:$B$44,1,R_Scores!$C$5:$C$44,"Tool condition",R_Scores!L$5:L$44,">=0")+COUNTIFS(R_Scores!$B$5:$B$44,1,R_Scores!$C$5:$C$44,"Paper condition",R_Scores!L$5:L$44,">=0"))-1))))))))) | J55: =IF(I55="","",INDEX(Helper!$L$100:$L$111,RANK(I55,Analysis!$I$48:$I$59,1)+COUNTIF(Analysis!$I$48:$I$59,I55)-1)) | K55: =IF(H55="","",2*H55/(COUNTIFS(R_Scores!$B$5:$B$44,1,R_Scores!$C$5:$C$44,"Tool condition",R_Scores!L$5:L$44,">=0")*COUNTIFS(R_Scores!$B$5:$B$44,1,R_Scores!$C$5:$C$44,"Paper condition",R_Scores!L$5:L$44,">=0"))-1) | L55: =IF(OR(Tasks!$G$9="No",Tasks!$F$9<>"Yes"),"",IF(OR(COUNTIFS(R_Scores!$B$5:$B$44,2,R_Scores!$C$5:$C$44,"Tool condition",R_Scores!L$5:L$44,">=0")=0,COUNTIFS(R_Scores!$B$5:$B$44,2,R_Scores!$C$5:$C$44,"Paper condition",R_Scores!L$5:L$44,">=0")=0),"",SUM(Helper!CU$5:CU$44))) | M55: =IF(L55="","",IF(SQRT(COUNTIFS(R_Scores!$B$5:$B$44,2,R_Scores!$C$5:$C$44,"Tool condition",R_Scores!L$5:L$44,">=0")*COUNTIFS(R_Scores!$B$5:$B$44,2,R_Scores!$C$5:$C$44,"Paper condition",R_Scores!L$5:L$44,">=0")/12*(((COUNTIFS(R_Scores!$B$5:$B$44,2,R_Scores!$C$5:$C$44,"Tool condition",R_Scores!L$5:L$44,">=0")+COUNTIFS(R_Scores!$B$5:$B$44,2,R_Scores!$C$5:$C$44,"Paper condition",R_Scores!L$5:L$44,">=0"))+1)-SUM(Helper!CV$5:CV$44)/((COUNTIFS(R_Scores!$B$5:$B$44,2,R_Scores!$C$5:$C$44,"Tool condition",R_Scores!L$5:L$44,">=0")+COUNTIFS(R_Scores!$B$5:$B$44,2,R_Scores!$C$5:$C$44,"Paper condition",R_Scores!L$5:L$44,">=0"))*((COUNTIFS(R_Scores!$B$5:$B$44,2,R_Scores!$C$5:$C$44,"Tool condition",R_Scores!L$5:L$44,">=0")+COUNTIFS(R_Scores!$B$5:$B$44,2,R_Scores!$C$5:$C$44,"Paper condition",R_Scores!L$5:L$44,">=0"))-1))))=0,1,MIN(1,2*(1-NORMSDIST((ABS(L55-COUNTIFS(R_Scores!$B$5:$B$44,2,R_Scores!$C$5:$C$44,"Tool condition",R_Scores!L$5:L$44,">=0")*COUNTIFS(R_Scores!$B$5:$B$44,2,R_Scores!$C$5:$C$44,"Paper condition",R_Scores!L$5:L$44,">=0")/2)-0.5)/SQRT(COUNTIFS(R_Scores!$B$5:$B$44,2,R_Scores!$C$5:$C$44,"Tool condition",R_Scores!L$5:L$44,">=0")*COUNTIFS(R_Scores!$B$5:$B$44,2,R_Scores!$C$5:$C$44,"Paper condition",R_Scores!L$5:L$44,">=0")/12*(((COUNTIFS(R_Scores!$B$5:$B$44,2,R_Scores!$C$5:$C$44,"Tool condition",R_Scores!L$5:L$44,">=0")+COUNTIFS(R_Scores!$B$5:$B$44,2,R_Scores!$C$5:$C$44,"Paper condition",R_Scores!L$5:L$44,">=0"))+1)-SUM(Helper!CV$5:CV$44)/((COUNTIFS(R_Scores!$B$5:$B$44,2,R_Scores!$C$5:$C$44,"Tool condition",R_Scores!L$5:L$44,">=0")+COUNTIFS(R_Scores!$B$5:$B$44,2,R_Scores!$C$5:$C$44,"Paper condition",R_Scores!L$5:L$44,">=0"))*((COUNTIFS(R_Scores!$B$5:$B$44,2,R_Scores!$C$5:$C$44,"Tool condition",R_Scores!L$5:L$44,">=0")+COUNTIFS(R_Scores!$B$5:$B$44,2,R_Scores!$C$5:$C$44,"Paper condition",R_Scores!L$5:L$44,">=0"))-1))))))))) | N55: =IF(M55="","",INDEX(Helper!$P$100:$P$111,RANK(M55,Analysis!$M$48:$M$59,1)+COUNTIF(Analysis!$M$48:$M$59,M55)-1)) | O55: =IF(L55="","",2*L55/(COUNTIFS(R_Scores!$B$5:$B$44,2,R_Scores!$C$5:$C$44,"Tool condition",R_Scores!L$5:L$44,">=0")*COUNTIFS(R_Scores!$B$5:$B$44,2,R_Scores!$C$5:$C$44,"Paper condition",R_Scores!L$5:L$44,">=0"))-1)
A56: T9 | B56: =IF(OR(Tasks!$G$10="No",Tasks!$F$10<>"Yes"),"",Tasks!E10&"") | C56: =IF(OR(Tasks!$G$10="No",Tasks!$F$10<>"Yes"),"",Tasks!D10&"") | D56: =IF(OR(Tasks!$G$10="No",Tasks!$F$10<>"Yes"),"",COUNTIFS(R_Scores!$B$5:$B$44,1,R_Scores!$C$5:$C$44,"Tool condition",R_Scores!M$5:M$44,1)) | E56: =IF(OR(Tasks!$G$10="No",Tasks!$F$10<>"Yes"),"",COUNTIFS(R_Scores!$B$5:$B$44,1,R_Scores!$C$5:$C$44,"Paper condition",R_Scores!M$5:M$44,1)) | F56: =IF(OR(Tasks!$G$10="No",Tasks!$F$10<>"Yes"),"",COUNTIFS(R_Scores!$B$5:$B$44,2,R_Scores!$C$5:$C$44,"Tool condition",R_Scores!M$5:M$44,1)) | G56: =IF(OR(Tasks!$G$10="No",Tasks!$F$10<>"Yes"),"",COUNTIFS(R_Scores!$B$5:$B$44,2,R_Scores!$C$5:$C$44,"Paper condition",R_Scores!M$5:M$44,1)) | H56: =IF(OR(Tasks!$G$10="No",Tasks!$F$10<>"Yes"),"",IF(OR(COUNTIFS(R_Scores!$B$5:$B$44,1,R_Scores!$C$5:$C$44,"Tool condition",R_Scores!M$5:M$44,">=0")=0,COUNTIFS(R_Scores!$B$5:$B$44,1,R_Scores!$C$5:$C$44,"Paper condition",R_Scores!M$5:M$44,">=0")=0),"",SUM(Helper!CX$5:CX$44))) | I56: =IF(H56="","",IF(SQRT(COUNTIFS(R_Scores!$B$5:$B$44,1,R_Scores!$C$5:$C$44,"Tool condition",R_Scores!M$5:M$44,">=0")*COUNTIFS(R_Scores!$B$5:$B$44,1,R_Scores!$C$5:$C$44,"Paper condition",R_Scores!M$5:M$44,">=0")/12*(((COUNTIFS(R_Scores!$B$5:$B$44,1,R_Scores!$C$5:$C$44,"Tool condition",R_Scores!M$5:M$44,">=0")+COUNTIFS(R_Scores!$B$5:$B$44,1,R_Scores!$C$5:$C$44,"Paper condition",R_Scores!M$5:M$44,">=0"))+1)-SUM(Helper!CY$5:CY$44)/((COUNTIFS(R_Scores!$B$5:$B$44,1,R_Scores!$C$5:$C$44,"Tool condition",R_Scores!M$5:M$44,">=0")+COUNTIFS(R_Scores!$B$5:$B$44,1,R_Scores!$C$5:$C$44,"Paper condition",R_Scores!M$5:M$44,">=0"))*((COUNTIFS(R_Scores!$B$5:$B$44,1,R_Scores!$C$5:$C$44,"Tool condition",R_Scores!M$5:M$44,">=0")+COUNTIFS(R_Scores!$B$5:$B$44,1,R_Scores!$C$5:$C$44,"Paper condition",R_Scores!M$5:M$44,">=0"))-1))))=0,1,MIN(1,2*(1-NORMSDIST((ABS(H56-COUNTIFS(R_Scores!$B$5:$B$44,1,R_Scores!$C$5:$C$44,"Tool condition",R_Scores!M$5:M$44,">=0")*COUNTIFS(R_Scores!$B$5:$B$44,1,R_Scores!$C$5:$C$44,"Paper condition",R_Scores!M$5:M$44,">=0")/2)-0.5)/SQRT(COUNTIFS(R_Scores!$B$5:$B$44,1,R_Scores!$C$5:$C$44,"Tool condition",R_Scores!M$5:M$44,">=0")*COUNTIFS(R_Scores!$B$5:$B$44,1,R_Scores!$C$5:$C$44,"Paper condition",R_Scores!M$5:M$44,">=0")/12*(((COUNTIFS(R_Scores!$B$5:$B$44,1,R_Scores!$C$5:$C$44,"Tool condition",R_Scores!M$5:M$44,">=0")+COUNTIFS(R_Scores!$B$5:$B$44,1,R_Scores!$C$5:$C$44,"Paper condition",R_Scores!M$5:M$44,">=0"))+1)-SUM(Helper!CY$5:CY$44)/((COUNTIFS(R_Scores!$B$5:$B$44,1,R_Scores!$C$5:$C$44,"Tool condition",R_Scores!M$5:M$44,">=0")+COUNTIFS(R_Scores!$B$5:$B$44,1,R_Scores!$C$5:$C$44,"Paper condition",R_Scores!M$5:M$44,">=0"))*((COUNTIFS(R_Scores!$B$5:$B$44,1,R_Scores!$C$5:$C$44,"Tool condition",R_Scores!M$5:M$44,">=0")+COUNTIFS(R_Scores!$B$5:$B$44,1,R_Scores!$C$5:$C$44,"Paper condition",R_Scores!M$5:M$44,">=0"))-1))))))))) | J56: =IF(I56="","",INDEX(Helper!$L$100:$L$111,RANK(I56,Analysis!$I$48:$I$59,1)+COUNTIF(Analysis!$I$48:$I$59,I56)-1)) | K56: =IF(H56="","",2*H56/(COUNTIFS(R_Scores!$B$5:$B$44,1,R_Scores!$C$5:$C$44,"Tool condition",R_Scores!M$5:M$44,">=0")*COUNTIFS(R_Scores!$B$5:$B$44,1,R_Scores!$C$5:$C$44,"Paper condition",R_Scores!M$5:M$44,">=0"))-1) | L56: =IF(OR(Tasks!$G$10="No",Tasks!$F$10<>"Yes"),"",IF(OR(COUNTIFS(R_Scores!$B$5:$B$44,2,R_Scores!$C$5:$C$44,"Tool condition",R_Scores!M$5:M$44,">=0")=0,COUNTIFS(R_Scores!$B$5:$B$44,2,R_Scores!$C$5:$C$44,"Paper condition",R_Scores!M$5:M$44,">=0")=0),"",SUM(Helper!CZ$5:CZ$44))) | M56: =IF(L56="","",IF(SQRT(COUNTIFS(R_Scores!$B$5:$B$44,2,R_Scores!$C$5:$C$44,"Tool condition",R_Scores!M$5:M$44,">=0")*COUNTIFS(R_Scores!$B$5:$B$44,2,R_Scores!$C$5:$C$44,"Paper condition",R_Scores!M$5:M$44,">=0")/12*(((COUNTIFS(R_Scores!$B$5:$B$44,2,R_Scores!$C$5:$C$44,"Tool condition",R_Scores!M$5:M$44,">=0")+COUNTIFS(R_Scores!$B$5:$B$44,2,R_Scores!$C$5:$C$44,"Paper condition",R_Scores!M$5:M$44,">=0"))+1)-SUM(Helper!DA$5:DA$44)/((COUNTIFS(R_Scores!$B$5:$B$44,2,R_Scores!$C$5:$C$44,"Tool condition",R_Scores!M$5:M$44,">=0")+COUNTIFS(R_Scores!$B$5:$B$44,2,R_Scores!$C$5:$C$44,"Paper condition",R_Scores!M$5:M$44,">=0"))*((COUNTIFS(R_Scores!$B$5:$B$44,2,R_Scores!$C$5:$C$44,"Tool condition",R_Scores!M$5:M$44,">=0")+COUNTIFS(R_Scores!$B$5:$B$44,2,R_Scores!$C$5:$C$44,"Paper condition",R_Scores!M$5:M$44,">=0"))-1))))=0,1,MIN(1,2*(1-NORMSDIST((ABS(L56-COUNTIFS(R_Scores!$B$5:$B$44,2,R_Scores!$C$5:$C$44,"Tool condition",R_Scores!M$5:M$44,">=0")*COUNTIFS(R_Scores!$B$5:$B$44,2,R_Scores!$C$5:$C$44,"Paper condition",R_Scores!M$5:M$44,">=0")/2)-0.5)/SQRT(COUNTIFS(R_Scores!$B$5:$B$44,2,R_Scores!$C$5:$C$44,"Tool condition",R_Scores!M$5:M$44,">=0")*COUNTIFS(R_Scores!$B$5:$B$44,2,R_Scores!$C$5:$C$44,"Paper condition",R_Scores!M$5:M$44,">=0")/12*(((COUNTIFS(R_Scores!$B$5:$B$44,2,R_Scores!$C$5:$C$44,"Tool condition",R_Scores!M$5:M$44,">=0")+COUNTIFS(R_Scores!$B$5:$B$44,2,R_Scores!$C$5:$C$44,"Paper condition",R_Scores!M$5:M$44,">=0"))+1)-SUM(Helper!DA$5:DA$44)/((COUNTIFS(R_Scores!$B$5:$B$44,2,R_Scores!$C$5:$C$44,"Tool condition",R_Scores!M$5:M$44,">=0")+COUNTIFS(R_Scores!$B$5:$B$44,2,R_Scores!$C$5:$C$44,"Paper condition",R_Scores!M$5:M$44,">=0"))*((COUNTIFS(R_Scores!$B$5:$B$44,2,R_Scores!$C$5:$C$44,"Tool condition",R_Scores!M$5:M$44,">=0")+COUNTIFS(R_Scores!$B$5:$B$44,2,R_Scores!$C$5:$C$44,"Paper condition",R_Scores!M$5:M$44,">=0"))-1))))))))) | N56: =IF(M56="","",INDEX(Helper!$P$100:$P$111,RANK(M56,Analysis!$M$48:$M$59,1)+COUNTIF(Analysis!$M$48:$M$59,M56)-1)) | O56: =IF(L56="","",2*L56/(COUNTIFS(R_Scores!$B$5:$B$44,2,R_Scores!$C$5:$C$44,"Tool condition",R_Scores!M$5:M$44,">=0")*COUNTIFS(R_Scores!$B$5:$B$44,2,R_Scores!$C$5:$C$44,"Paper condition",R_Scores!M$5:M$44,">=0"))-1)
A57: T10 | B57: =IF(OR(Tasks!$G$11="No",Tasks!$F$11<>"Yes"),"",Tasks!E11&"") -> Block | C57: =IF(OR(Tasks!$G$11="No",Tasks!$F$11<>"Yes"),"",Tasks!D11&"") -> Code | D57: =IF(OR(Tasks!$G$11="No",Tasks!$F$11<>"Yes"),"",COUNTIFS(R_Scores!$B$5:$B$44,1,R_Scores!$C$5:$C$44,"Tool condition",R_Scores!N$5:N$44,1)) -> 8 | E57: =IF(OR(Tasks!$G$11="No",Tasks!$F$11<>"Yes"),"",COUNTIFS(R_Scores!$B$5:$B$44,1,R_Scores!$C$5:$C$44,"Paper condition",R_Scores!N$5:N$44,1)) -> 4 | F57: =IF(OR(Tasks!$G$11="No",Tasks!$F$11<>"Yes"),"",COUNTIFS(R_Scores!$B$5:$B$44,2,R_Scores!$C$5:$C$44,"Tool condition",R_Scores!N$5:N$44,1)) -> 8 | G57: =IF(OR(Tasks!$G$11="No",Tasks!$F$11<>"Yes"),"",COUNTIFS(R_Scores!$B$5:$B$44,2,R_Scores!$C$5:$C$44,"Paper condition",R_Scores!N$5:N$44,1)) -> 4 | H57: =IF(OR(Tasks!$G$11="No",Tasks!$F$11<>"Yes"),"",IF(OR(COUNTIFS(R_Scores!$B$5:$B$44,1,R_Scores!$C$5:$C$44,"Tool condition",R_Scores!N$5:N$44,">=0")=0,COUNTIFS(R_Scores!$B$5:$B$44,1,R_Scores!$C$5:$C$44,"Paper condition",R_Scores!N$5:N$44,">=0")=0),"",SUM(Helper!DC$5:DC$44))) -> 70 | I57: =IF(H57="","",IF(SQRT(COUNTIFS(R_Scores!$B$5:$B$44,1,R_Scores!$C$5:$C$44,"Tool condition",R_Scores!N$5:N$44,">=0")*COUNTIFS(R_Scores!$B$5:$B$44,1,R_Scores!$C$5:$C$44,"Paper condition",R_Scores!N$5:N$44,">=0")/12*(((COUNTIFS(R_Scores!$B$5:$B$44,1,R_Scores!$C$5:$C$44,"Tool condition",R_Scores!N$5:N$44,">=0")+COUNTIFS(R_Scores!$B$5:$B$44,1,R_Scores!$C$5:$C$44,"Paper condition",R_Scores!N$5:N$44,">=0"))+1)-SUM(Helper!DD$5:DD$44)/((COUNTIFS(R_Scores!$B$5:$B$44,1,R_Scores!$C$5:$C$44,"Tool condition",R_Scores!N$5:N$44,">=0")+COUNTIFS(R_Scores!$B$5:$B$44,1,R_Scores!$C$5:$C$44,"Paper condition",R_Scores!N$5:N$44,">=0"))*((COUNTIFS(R_Scores!$B$5:$B$44,1,R_Scores!$C$5:$C$44,"Tool condition",R_Scores!N$5:N$44,">=0")+COUNTIFS(R_Scores!$B$5:$B$44,1,R_Scores!$C$5:$C$44,"Paper condition",R_Scores!N$5:N$44,">=0"))-1))))=0,1,MIN(1,2*(1-NORMSDIST((ABS(H57-COUNTIFS(R_Scores!$B$5:$B$44,1,R_Scores!$C$5:$C$44,"Tool condition",R_Scores!N$5:N$44,">=0")*COUNTIFS(R_Scores!$B$5:$B$44,1,R_Scores!$C$5:$C$44,"Paper condition",R_Scores!N$5:N$44,">=0")/2)-0.5)/SQRT(COUNTIFS(R_Scores!$B$5:$B$44,1,R_Scores!$C$5:$C$44,"Tool condition",R_Scores!N$5:N$44,">=0")*COUNTIFS(R_Scores!$B$5:$B$44,1,R_Scores!$C$5:$C$44,"Paper condition",R_Scores!N$5:N$44,">=0")/12*(((COUNTIFS(R_Scores!$B$5:$B$44,1,R_Scores!$C$5:$C$44,"Tool condition",R_Scores!N$5:N$44,">=0")+COUNTIFS(R_Scores!$B$5:$B$44,1,R_Scores!$C$5:$C$44,"Paper condition",R_Scores!N$5:N$44,">=0"))+1)-SUM(Helper!DD$5:DD$44)/((COUNTIFS(R_Scores!$B$5:$B$44,1,R_Scores!$C$5:$C$44,"Tool condition",R_Scores!N$5:N$44,">=0")+COUNTIFS(R_Scores!$B$5:$B$44,1,R_Scores!$C$5:$C$44,"Paper condition",R_Scores!N$5:N$44,">=0"))*((COUNTIFS(R_Scores!$B$5:$B$44,1,R_Scores!$C$5:$C$44,"Tool condition",R_Scores!N$5:N$44,">=0")+COUNTIFS(R_Scores!$B$5:$B$44,1,R_Scores!$C$5:$C$44,"Paper condition",R_Scores!N$5:N$44,">=0"))-1))))))))) -> 0.082736339 | J57: =IF(I57="","",INDEX(Helper!$L$100:$L$111,RANK(I57,Analysis!$I$48:$I$59,1)+COUNTIF(Analysis!$I$48:$I$59,I57)-1)) -> 0.49641803 | K57: =IF(H57="","",2*H57/(COUNTIFS(R_Scores!$B$5:$B$44,1,R_Scores!$C$5:$C$44,"Tool condition",R_Scores!N$5:N$44,">=0")*COUNTIFS(R_Scores!$B$5:$B$44,1,R_Scores!$C$5:$C$44,"Paper condition",R_Scores!N$5:N$44,">=0"))-1) -> 0.4 | L57: =IF(OR(Tasks!$G$11="No",Tasks!$F$11<>"Yes"),"",IF(OR(COUNTIFS(R_Scores!$B$5:$B$44,2,R_Scores!$C$5:$C$44,"Tool condition",R_Scores!N$5:N$44,">=0")=0,COUNTIFS(R_Scores!$B$5:$B$44,2,R_Scores!$C$5:$C$44,"Paper condition",R_Scores!N$5:N$44,">=0")=0),"",SUM(Helper!DE$5:DE$44))) -> 70 | M57: =IF(L57="","",IF(SQRT(COUNTIFS(R_Scores!$B$5:$B$44,2,R_Scores!$C$5:$C$44,"Tool condition",R_Scores!N$5:N$44,">=0")*COUNTIFS(R_Scores!$B$5:$B$44,2,R_Scores!$C$5:$C$44,"Paper condition",R_Scores!N$5:N$44,">=0")/12*(((COUNTIFS(R_Scores!$B$5:$B$44,2,R_Scores!$C$5:$C$44,"Tool condition",R_Scores!N$5:N$44,">=0")+COUNTIFS(R_Scores!$B$5:$B$44,2,R_Scores!$C$5:$C$44,"Paper condition",R_Scores!N$5:N$44,">=0"))+1)-SUM(Helper!DF$5:DF$44)/((COUNTIFS(R_Scores!$B$5:$B$44,2,R_Scores!$C$5:$C$44,"Tool condition",R_Scores!N$5:N$44,">=0")+COUNTIFS(R_Scores!$B$5:$B$44,2,R_Scores!$C$5:$C$44,"Paper condition",R_Scores!N$5:N$44,">=0"))*((COUNTIFS(R_Scores!$B$5:$B$44,2,R_Scores!$C$5:$C$44,"Tool condition",R_Scores!N$5:N$44,">=0")+COUNTIFS(R_Scores!$B$5:$B$44,2,R_Scores!$C$5:$C$44,"Paper condition",R_Scores!N$5:N$44,">=0"))-1))))=0,1,MIN(1,2*(1-NORMSDIST((ABS(L57-COUNTIFS(R_Scores!$B$5:$B$44,2,R_Scores!$C$5:$C$44,"Tool condition",R_Scores!N$5:N$44,">=0")*COUNTIFS(R_Scores!$B$5:$B$44,2,R_Scores!$C$5:$C$44,"Paper condition",R_Scores!N$5:N$44,">=0")/2)-0.5)/SQRT(COUNTIFS(R_Scores!$B$5:$B$44,2,R_Scores!$C$5:$C$44,"Tool condition",R_Scores!N$5:N$44,">=0")*COUNTIFS(R_Scores!$B$5:$B$44,2,R_Scores!$C$5:$C$44,"Paper condition",R_Scores!N$5:N$44,">=0")/12*(((COUNTIFS(R_Scores!$B$5:$B$44,2,R_Scores!$C$5:$C$44,"Tool condition",R_Scores!N$5:N$44,">=0")+COUNTIFS(R_Scores!$B$5:$B$44,2,R_Scores!$C$5:$C$44,"Paper condition",R_Scores!N$5:N$44,">=0"))+1)-SUM(Helper!DF$5:DF$44)/((COUNTIFS(R_Scores!$B$5:$B$44,2,R_Scores!$C$5:$C$44,"Tool condition",R_Scores!N$5:N$44,">=0")+COUNTIFS(R_Scores!$B$5:$B$44,2,R_Scores!$C$5:$C$44,"Paper condition",R_Scores!N$5:N$44,">=0"))*((COUNTIFS(R_Scores!$B$5:$B$44,2,R_Scores!$C$5:$C$44,"Tool condition",R_Scores!N$5:N$44,">=0")+COUNTIFS(R_Scores!$B$5:$B$44,2,R_Scores!$C$5:$C$44,"Paper condition",R_Scores!N$5:N$44,">=0"))-1))))))))) -> 0.082736339 | N57: =IF(M57="","",INDEX(Helper!$P$100:$P$111,RANK(M57,Analysis!$M$48:$M$59,1)+COUNTIF(Analysis!$M$48:$M$59,M57)-1)) -> 0.49641803 | O57: =IF(L57="","",2*L57/(COUNTIFS(R_Scores!$B$5:$B$44,2,R_Scores!$C$5:$C$44,"Tool condition",R_Scores!N$5:N$44,">=0")*COUNTIFS(R_Scores!$B$5:$B$44,2,R_Scores!$C$5:$C$44,"Paper condition",R_Scores!N$5:N$44,">=0"))-1) -> 0.4
A58: T11 | B58: =IF(OR(Tasks!$G$12="No",Tasks!$F$12<>"Yes"),"",Tasks!E12&"") -> Gate | C58: =IF(OR(Tasks!$G$12="No",Tasks!$F$12<>"Yes"),"",Tasks!D12&"") -> Derivation | D58: =IF(OR(Tasks!$G$12="No",Tasks!$F$12<>"Yes"),"",COUNTIFS(R_Scores!$B$5:$B$44,1,R_Scores!$C$5:$C$44,"Tool condition",R_Scores!O$5:O$44,1)) -> 8 | E58: =IF(OR(Tasks!$G$12="No",Tasks!$F$12<>"Yes"),"",COUNTIFS(R_Scores!$B$5:$B$44,1,R_Scores!$C$5:$C$44,"Paper condition",R_Scores!O$5:O$44,1)) -> 5 | F58: =IF(OR(Tasks!$G$12="No",Tasks!$F$12<>"Yes"),"",COUNTIFS(R_Scores!$B$5:$B$44,2,R_Scores!$C$5:$C$44,"Tool condition",R_Scores!O$5:O$44,1)) -> 7 | G58: =IF(OR(Tasks!$G$12="No",Tasks!$F$12<>"Yes"),"",COUNTIFS(R_Scores!$B$5:$B$44,2,R_Scores!$C$5:$C$44,"Paper condition",R_Scores!O$5:O$44,1)) -> 6 | H58: =IF(OR(Tasks!$G$12="No",Tasks!$F$12<>"Yes"),"",IF(OR(COUNTIFS(R_Scores!$B$5:$B$44,1,R_Scores!$C$5:$C$44,"Tool condition",R_Scores!O$5:O$44,">=0")=0,COUNTIFS(R_Scores!$B$5:$B$44,1,R_Scores!$C$5:$C$44,"Paper condition",R_Scores!O$5:O$44,">=0")=0),"",SUM(Helper!DH$5:DH$44))) -> 65 | I58: =IF(H58="","",IF(SQRT(COUNTIFS(R_Scores!$B$5:$B$44,1,R_Scores!$C$5:$C$44,"Tool condition",R_Scores!O$5:O$44,">=0")*COUNTIFS(R_Scores!$B$5:$B$44,1,R_Scores!$C$5:$C$44,"Paper condition",R_Scores!O$5:O$44,">=0")/12*(((COUNTIFS(R_Scores!$B$5:$B$44,1,R_Scores!$C$5:$C$44,"Tool condition",R_Scores!O$5:O$44,">=0")+COUNTIFS(R_Scores!$B$5:$B$44,1,R_Scores!$C$5:$C$44,"Paper condition",R_Scores!O$5:O$44,">=0"))+1)-SUM(Helper!DI$5:DI$44)/((COUNTIFS(R_Scores!$B$5:$B$44,1,R_Scores!$C$5:$C$44,"Tool condition",R_Scores!O$5:O$44,">=0")+COUNTIFS(R_Scores!$B$5:$B$44,1,R_Scores!$C$5:$C$44,"Paper condition",R_Scores!O$5:O$44,">=0"))*((COUNTIFS(R_Scores!$B$5:$B$44,1,R_Scores!$C$5:$C$44,"Tool condition",R_Scores!O$5:O$44,">=0")+COUNTIFS(R_Scores!$B$5:$B$44,1,R_Scores!$C$5:$C$44,"Paper condition",R_Scores!O$5:O$44,">=0"))-1))))=0,1,MIN(1,2*(1-NORMSDIST((ABS(H58-COUNTIFS(R_Scores!$B$5:$B$44,1,R_Scores!$C$5:$C$44,"Tool condition",R_Scores!O$5:O$44,">=0")*COUNTIFS(R_Scores!$B$5:$B$44,1,R_Scores!$C$5:$C$44,"Paper condition",R_Scores!O$5:O$44,">=0")/2)-0.5)/SQRT(COUNTIFS(R_Scores!$B$5:$B$44,1,R_Scores!$C$5:$C$44,"Tool condition",R_Scores!O$5:O$44,">=0")*COUNTIFS(R_Scores!$B$5:$B$44,1,R_Scores!$C$5:$C$44,"Paper condition",R_Scores!O$5:O$44,">=0")/12*(((COUNTIFS(R_Scores!$B$5:$B$44,1,R_Scores!$C$5:$C$44,"Tool condition",R_Scores!O$5:O$44,">=0")+COUNTIFS(R_Scores!$B$5:$B$44,1,R_Scores!$C$5:$C$44,"Paper condition",R_Scores!O$5:O$44,">=0"))+1)-SUM(Helper!DI$5:DI$44)/((COUNTIFS(R_Scores!$B$5:$B$44,1,R_Scores!$C$5:$C$44,"Tool condition",R_Scores!O$5:O$44,">=0")+COUNTIFS(R_Scores!$B$5:$B$44,1,R_Scores!$C$5:$C$44,"Paper condition",R_Scores!O$5:O$44,">=0"))*((COUNTIFS(R_Scores!$B$5:$B$44,1,R_Scores!$C$5:$C$44,"Tool condition",R_Scores!O$5:O$44,">=0")+COUNTIFS(R_Scores!$B$5:$B$44,1,R_Scores!$C$5:$C$44,"Paper condition",R_Scores!O$5:O$44,">=0"))-1))))))))) -> 0.18513247 | J58: =IF(I58="","",INDEX(Helper!$L$100:$L$111,RANK(I58,Analysis!$I$48:$I$59,1)+COUNTIF(Analysis!$I$48:$I$59,I58)-1)) -> 0.72195254 | K58: =IF(H58="","",2*H58/(COUNTIFS(R_Scores!$B$5:$B$44,1,R_Scores!$C$5:$C$44,"Tool condition",R_Scores!O$5:O$44,">=0")*COUNTIFS(R_Scores!$B$5:$B$44,1,R_Scores!$C$5:$C$44,"Paper condition",R_Scores!O$5:O$44,">=0"))-1) -> 0.3 | L58: =IF(OR(Tasks!$G$12="No",Tasks!$F$12<>"Yes"),"",IF(OR(COUNTIFS(R_Scores!$B$5:$B$44,2,R_Scores!$C$5:$C$44,"Tool condition",R_Scores!O$5:O$44,">=0")=0,COUNTIFS(R_Scores!$B$5:$B$44,2,R_Scores!$C$5:$C$44,"Paper condition",R_Scores!O$5:O$44,">=0")=0),"",SUM(Helper!DJ$5:DJ$44))) -> 55 | M58: =IF(L58="","",IF(SQRT(COUNTIFS(R_Scores!$B$5:$B$44,2,R_Scores!$C$5:$C$44,"Tool condition",R_Scores!O$5:O$44,">=0")*COUNTIFS(R_Scores!$B$5:$B$44,2,R_Scores!$C$5:$C$44,"Paper condition",R_Scores!O$5:O$44,">=0")/12*(((COUNTIFS(R_Scores!$B$5:$B$44,2,R_Scores!$C$5:$C$44,"Tool condition",R_Scores!O$5:O$44,">=0")+COUNTIFS(R_Scores!$B$5:$B$44,2,R_Scores!$C$5:$C$44,"Paper condition",R_Scores!O$5:O$44,">=0"))+1)-SUM(Helper!DK$5:DK$44)/((COUNTIFS(R_Scores!$B$5:$B$44,2,R_Scores!$C$5:$C$44,"Tool condition",R_Scores!O$5:O$44,">=0")+COUNTIFS(R_Scores!$B$5:$B$44,2,R_Scores!$C$5:$C$44,"Paper condition",R_Scores!O$5:O$44,">=0"))*((COUNTIFS(R_Scores!$B$5:$B$44,2,R_Scores!$C$5:$C$44,"Tool condition",R_Scores!O$5:O$44,">=0")+COUNTIFS(R_Scores!$B$5:$B$44,2,R_Scores!$C$5:$C$44,"Paper condition",R_Scores!O$5:O$44,">=0"))-1))))=0,1,MIN(1,2*(1-NORMSDIST((ABS(L58-COUNTIFS(R_Scores!$B$5:$B$44,2,R_Scores!$C$5:$C$44,"Tool condition",R_Scores!O$5:O$44,">=0")*COUNTIFS(R_Scores!$B$5:$B$44,2,R_Scores!$C$5:$C$44,"Paper condition",R_Scores!O$5:O$44,">=0")/2)-0.5)/SQRT(COUNTIFS(R_Scores!$B$5:$B$44,2,R_Scores!$C$5:$C$44,"Tool condition",R_Scores!O$5:O$44,">=0")*COUNTIFS(R_Scores!$B$5:$B$44,2,R_Scores!$C$5:$C$44,"Paper condition",R_Scores!O$5:O$44,">=0")/12*(((COUNTIFS(R_Scores!$B$5:$B$44,2,R_Scores!$C$5:$C$44,"Tool condition",R_Scores!O$5:O$44,">=0")+COUNTIFS(R_Scores!$B$5:$B$44,2,R_Scores!$C$5:$C$44,"Paper condition",R_Scores!O$5:O$44,">=0"))+1)-SUM(Helper!DK$5:DK$44)/((COUNTIFS(R_Scores!$B$5:$B$44,2,R_Scores!$C$5:$C$44,"Tool condition",R_Scores!O$5:O$44,">=0")+COUNTIFS(R_Scores!$B$5:$B$44,2,R_Scores!$C$5:$C$44,"Paper condition",R_Scores!O$5:O$44,">=0"))*((COUNTIFS(R_Scores!$B$5:$B$44,2,R_Scores!$C$5:$C$44,"Tool condition",R_Scores!O$5:O$44,">=0")+COUNTIFS(R_Scores!$B$5:$B$44,2,R_Scores!$C$5:$C$44,"Paper condition",R_Scores!O$5:O$44,">=0"))-1))))))))) -> 0.68089429 | N58: =IF(M58="","",INDEX(Helper!$P$100:$P$111,RANK(M58,Analysis!$M$48:$M$59,1)+COUNTIF(Analysis!$M$48:$M$59,M58)-1)) -> 1 | O58: =IF(L58="","",2*L58/(COUNTIFS(R_Scores!$B$5:$B$44,2,R_Scores!$C$5:$C$44,"Tool condition",R_Scores!O$5:O$44,">=0")*COUNTIFS(R_Scores!$B$5:$B$44,2,R_Scores!$C$5:$C$44,"Paper condition",R_Scores!O$5:O$44,">=0"))-1) -> 0.1
A59: T12 | B59: =IF(OR(Tasks!$G$13="No",Tasks!$F$13<>"Yes"),"",Tasks!E13&"") -> Gate | C59: =IF(OR(Tasks!$G$13="No",Tasks!$F$13<>"Yes"),"",Tasks!D13&"") -> Code | D59: =IF(OR(Tasks!$G$13="No",Tasks!$F$13<>"Yes"),"",COUNTIFS(R_Scores!$B$5:$B$44,1,R_Scores!$C$5:$C$44,"Tool condition",R_Scores!P$5:P$44,1)) -> 8 | E59: =IF(OR(Tasks!$G$13="No",Tasks!$F$13<>"Yes"),"",COUNTIFS(R_Scores!$B$5:$B$44,1,R_Scores!$C$5:$C$44,"Paper condition",R_Scores!P$5:P$44,1)) -> 3 | F59: =IF(OR(Tasks!$G$13="No",Tasks!$F$13<>"Yes"),"",COUNTIFS(R_Scores!$B$5:$B$44,2,R_Scores!$C$5:$C$44,"Tool condition",R_Scores!P$5:P$44,1)) -> 6 | G59: =IF(OR(Tasks!$G$13="No",Tasks!$F$13<>"Yes"),"",COUNTIFS(R_Scores!$B$5:$B$44,2,R_Scores!$C$5:$C$44,"Paper condition",R_Scores!P$5:P$44,1)) -> 1 | H59: =IF(OR(Tasks!$G$13="No",Tasks!$F$13<>"Yes"),"",IF(OR(COUNTIFS(R_Scores!$B$5:$B$44,1,R_Scores!$C$5:$C$44,"Tool condition",R_Scores!P$5:P$44,">=0")=0,COUNTIFS(R_Scores!$B$5:$B$44,1,R_Scores!$C$5:$C$44,"Paper condition",R_Scores!P$5:P$44,">=0")=0),"",SUM(Helper!DM$5:DM$44))) -> 75 | I59: =IF(H59="","",IF(SQRT(COUNTIFS(R_Scores!$B$5:$B$44,1,R_Scores!$C$5:$C$44,"Tool condition",R_Scores!P$5:P$44,">=0")*COUNTIFS(R_Scores!$B$5:$B$44,1,R_Scores!$C$5:$C$44,"Paper condition",R_Scores!P$5:P$44,">=0")/12*(((COUNTIFS(R_Scores!$B$5:$B$44,1,R_Scores!$C$5:$C$44,"Tool condition",R_Scores!P$5:P$44,">=0")+COUNTIFS(R_Scores!$B$5:$B$44,1,R_Scores!$C$5:$C$44,"Paper condition",R_Scores!P$5:P$44,">=0"))+1)-SUM(Helper!DN$5:DN$44)/((COUNTIFS(R_Scores!$B$5:$B$44,1,R_Scores!$C$5:$C$44,"Tool condition",R_Scores!P$5:P$44,">=0")+COUNTIFS(R_Scores!$B$5:$B$44,1,R_Scores!$C$5:$C$44,"Paper condition",R_Scores!P$5:P$44,">=0"))*((COUNTIFS(R_Scores!$B$5:$B$44,1,R_Scores!$C$5:$C$44,"Tool condition",R_Scores!P$5:P$44,">=0")+COUNTIFS(R_Scores!$B$5:$B$44,1,R_Scores!$C$5:$C$44,"Paper condition",R_Scores!P$5:P$44,">=0"))-1))))=0,1,MIN(1,2*(1-NORMSDIST((ABS(H59-COUNTIFS(R_Scores!$B$5:$B$44,1,R_Scores!$C$5:$C$44,"Tool condition",R_Scores!P$5:P$44,">=0")*COUNTIFS(R_Scores!$B$5:$B$44,1,R_Scores!$C$5:$C$44,"Paper condition",R_Scores!P$5:P$44,">=0")/2)-0.5)/SQRT(COUNTIFS(R_Scores!$B$5:$B$44,1,R_Scores!$C$5:$C$44,"Tool condition",R_Scores!P$5:P$44,">=0")*COUNTIFS(R_Scores!$B$5:$B$44,1,R_Scores!$C$5:$C$44,"Paper condition",R_Scores!P$5:P$44,">=0")/12*(((COUNTIFS(R_Scores!$B$5:$B$44,1,R_Scores!$C$5:$C$44,"Tool condition",R_Scores!P$5:P$44,">=0")+COUNTIFS(R_Scores!$B$5:$B$44,1,R_Scores!$C$5:$C$44,"Paper condition",R_Scores!P$5:P$44,">=0"))+1)-SUM(Helper!DN$5:DN$44)/((COUNTIFS(R_Scores!$B$5:$B$44,1,R_Scores!$C$5:$C$44,"Tool condition",R_Scores!P$5:P$44,">=0")+COUNTIFS(R_Scores!$B$5:$B$44,1,R_Scores!$C$5:$C$44,"Paper condition",R_Scores!P$5:P$44,">=0"))*((COUNTIFS(R_Scores!$B$5:$B$44,1,R_Scores!$C$5:$C$44,"Tool condition",R_Scores!P$5:P$44,">=0")+COUNTIFS(R_Scores!$B$5:$B$44,1,R_Scores!$C$5:$C$44,"Paper condition",R_Scores!P$5:P$44,">=0"))-1))))))))) -> 0.031823502 | J59: =IF(I59="","",INDEX(Helper!$L$100:$L$111,RANK(I59,Analysis!$I$48:$I$59,1)+COUNTIF(Analysis!$I$48:$I$59,I59)-1)) -> 0.22276452 | K59: =IF(H59="","",2*H59/(COUNTIFS(R_Scores!$B$5:$B$44,1,R_Scores!$C$5:$C$44,"Tool condition",R_Scores!P$5:P$44,">=0")*COUNTIFS(R_Scores!$B$5:$B$44,1,R_Scores!$C$5:$C$44,"Paper condition",R_Scores!P$5:P$44,">=0"))-1) -> 0.5 | L59: =IF(OR(Tasks!$G$13="No",Tasks!$F$13<>"Yes"),"",IF(OR(COUNTIFS(R_Scores!$B$5:$B$44,2,R_Scores!$C$5:$C$44,"Tool condition",R_Scores!P$5:P$44,">=0")=0,COUNTIFS(R_Scores!$B$5:$B$44,2,R_Scores!$C$5:$C$44,"Paper condition",R_Scores!P$5:P$44,">=0")=0),"",SUM(Helper!DO$5:DO$44))) -> 75 | M59: =IF(L59="","",IF(SQRT(COUNTIFS(R_Scores!$B$5:$B$44,2,R_Scores!$C$5:$C$44,"Tool condition",R_Scores!P$5:P$44,">=0")*COUNTIFS(R_Scores!$B$5:$B$44,2,R_Scores!$C$5:$C$44,"Paper condition",R_Scores!P$5:P$44,">=0")/12*(((COUNTIFS(R_Scores!$B$5:$B$44,2,R_Scores!$C$5:$C$44,"Tool condition",R_Scores!P$5:P$44,">=0")+COUNTIFS(R_Scores!$B$5:$B$44,2,R_Scores!$C$5:$C$44,"Paper condition",R_Scores!P$5:P$44,">=0"))+1)-SUM(Helper!DP$5:DP$44)/((COUNTIFS(R_Scores!$B$5:$B$44,2,R_Scores!$C$5:$C$44,"Tool condition",R_Scores!P$5:P$44,">=0")+COUNTIFS(R_Scores!$B$5:$B$44,2,R_Scores!$C$5:$C$44,"Paper condition",R_Scores!P$5:P$44,">=0"))*((COUNTIFS(R_Scores!$B$5:$B$44,2,R_Scores!$C$5:$C$44,"Tool condition",R_Scores!P$5:P$44,">=0")+COUNTIFS(R_Scores!$B$5:$B$44,2,R_Scores!$C$5:$C$44,"Paper condition",R_Scores!P$5:P$44,">=0"))-1))))=0,1,MIN(1,2*(1-NORMSDIST((ABS(L59-COUNTIFS(R_Scores!$B$5:$B$44,2,R_Scores!$C$5:$C$44,"Tool condition",R_Scores!P$5:P$44,">=0")*COUNTIFS(R_Scores!$B$5:$B$44,2,R_Scores!$C$5:$C$44,"Paper condition",R_Scores!P$5:P$44,">=0")/2)-0.5)/SQRT(COUNTIFS(R_Scores!$B$5:$B$44,2,R_Scores!$C$5:$C$44,"Tool condition",R_Scores!P$5:P$44,">=0")*COUNTIFS(R_Scores!$B$5:$B$44,2,R_Scores!$C$5:$C$44,"Paper condition",R_Scores!P$5:P$44,">=0")/12*(((COUNTIFS(R_Scores!$B$5:$B$44,2,R_Scores!$C$5:$C$44,"Tool condition",R_Scores!P$5:P$44,">=0")+COUNTIFS(R_Scores!$B$5:$B$44,2,R_Scores!$C$5:$C$44,"Paper condition",R_Scores!P$5:P$44,">=0"))+1)-SUM(Helper!DP$5:DP$44)/((COUNTIFS(R_Scores!$B$5:$B$44,2,R_Scores!$C$5:$C$44,"Tool condition",R_Scores!P$5:P$44,">=0")+COUNTIFS(R_Scores!$B$5:$B$44,2,R_Scores!$C$5:$C$44,"Paper condition",R_Scores!P$5:P$44,">=0"))*((COUNTIFS(R_Scores!$B$5:$B$44,2,R_Scores!$C$5:$C$44,"Tool condition",R_Scores!P$5:P$44,">=0")+COUNTIFS(R_Scores!$B$5:$B$44,2,R_Scores!$C$5:$C$44,"Paper condition",R_Scores!P$5:P$44,">=0"))-1))))))))) -> 0.025156557 | N59: =IF(M59="","",INDEX(Helper!$P$100:$P$111,RANK(M59,Analysis!$M$48:$M$59,1)+COUNTIF(Analysis!$M$48:$M$59,M59)-1)) -> 0.1760959 | O59: =IF(L59="","",2*L59/(COUNTIFS(R_Scores!$B$5:$B$44,2,R_Scores!$C$5:$C$44,"Tool condition",R_Scores!P$5:P$44,">=0")*COUNTIFS(R_Scores!$B$5:$B$44,2,R_Scores!$C$5:$C$44,"Paper condition",R_Scores!P$5:P$44,">=0"))-1) -> 0.5
A62: Active tasks | B62: =COUNTIF(Tasks!G2:G13,"Yes") -> 12
A63: of which gate / block | B63: =COUNTIFS(Tasks!E2:E13,"Gate",Tasks!G2:G13,"Yes")&" / "&COUNTIFS(Tasks!E2:E13,"Block",Tasks!G2:G13,"Yes") -> 7 / 5
A64: Tasks with reasoning part | B64: =COUNTIFS(Tasks!F2:F13,"Yes",Tasks!G2:G13,"Yes") -> 7
A65: Max. translation points | B65: =2*B62 -> 24
A66: Max. reasoning points | B66: =B64 -> 7
A69: C. Self-reported prior knowledge per group
A70: Attribute | B70: M tool condition | C70: SD tool condition | D70: M paper condition | E70: SD paper condition | G70: U | H70: p | I70: r
A71: Quantum computing | B71: =IFERROR(AVERAGEIFS(Participants!$D$2:$D$21,Participants!$B$2:$B$21,"Tool condition"),"") -> 1.1 | C71: =IFERROR(SQRT((SUMPRODUCT((Participants!$B$2:$B$21="Tool condition")*(Participants!$D$2:$D$21)^2)-COUNTIFS(Participants!$B$2:$B$21,"Tool condition",Participants!$D$2:$D$21,">=0")*B71^2)/(COUNTIFS(Participants!$B$2:$B$21,"Tool condition",Participants!$D$2:$D$21,">=0")-1)),"") -> 0.31622777 | D71: =IFERROR(AVERAGEIFS(Participants!$D$2:$D$21,Participants!$B$2:$B$21,"Paper condition"),"") -> 1.1 | E71: =IFERROR(SQRT((SUMPRODUCT((Participants!$B$2:$B$21="Paper condition")*(Participants!$D$2:$D$21)^2)-COUNTIFS(Participants!$B$2:$B$21,"Paper condition",Participants!$D$2:$D$21,">=0")*D71^2)/(COUNTIFS(Participants!$B$2:$B$21,"Paper condition",Participants!$D$2:$D$21,">=0")-1)),"") -> 0.31622777 | G71: =IF(OR(COUNTIFS(Participants!$B$2:$B$21,"Tool condition",Participants!$D$2:$D$21,">=0")=0,COUNTIFS(Participants!$B$2:$B$21,"Paper condition",Participants!$D$2:$D$21,">=0")=0),"",SUM(Helper!FF$52:FF$71)) -> 50 | H71: =IF(G71="","",IF(SQRT(COUNTIFS(Participants!$B$2:$B$21,"Tool condition",Participants!$D$2:$D$21,">=0")*COUNTIFS(Participants!$B$2:$B$21,"Paper condition",Participants!$D$2:$D$21,">=0")/12*(((COUNTIFS(Participants!$B$2:$B$21,"Tool condition",Participants!$D$2:$D$21,">=0")+COUNTIFS(Participants!$B$2:$B$21,"Paper condition",Participants!$D$2:$D$21,">=0"))+1)-SUM(Helper!FG$52:FG$71)/((COUNTIFS(Participants!$B$2:$B$21,"Tool condition",Participants!$D$2:$D$21,">=0")+COUNTIFS(Participants!$B$2:$B$21,"Paper condition",Participants!$D$2:$D$21,">=0"))*((COUNTIFS(Participants!$B$2:$B$21,"Tool condition",Participants!$D$2:$D$21,">=0")+COUNTIFS(Participants!$B$2:$B$21,"Paper condition",Participants!$D$2:$D$21,">=0"))-1))))=0,1,MIN(1,2*(1-NORMSDIST((ABS(G71-COUNTIFS(Participants!$B$2:$B$21,"Tool condition",Participants!$D$2:$D$21,">=0")*COUNTIFS(Participants!$B$2:$B$21,"Paper condition",Participants!$D$2:$D$21,">=0")/2)-0.5)/SQRT(COUNTIFS(Participants!$B$2:$B$21,"Tool condition",Participants!$D$2:$D$21,">=0")*COUNTIFS(Participants!$B$2:$B$21,"Paper condition",Participants!$D$2:$D$21,">=0")/12*(((COUNTIFS(Participants!$B$2:$B$21,"Tool condition",Participants!$D$2:$D$21,">=0")+COUNTIFS(Participants!$B$2:$B$21,"Paper condition",Participants!$D$2:$D$21,">=0"))+1)-SUM(Helper!FG$52:FG$71)/((COUNTIFS(Participants!$B$2:$B$21,"Tool condition",Participants!$D$2:$D$21,">=0")+COUNTIFS(Participants!$B$2:$B$21,"Paper condition",Participants!$D$2:$D$21,">=0"))*((COUNTIFS(Participants!$B$2:$B$21,"Tool condition",Participants!$D$2:$D$21,">=0")+COUNTIFS(Participants!$B$2:$B$21,"Paper condition",Participants!$D$2:$D$21,">=0"))-1))))))))) -> 1 | I71: =IF(G71="","",2*G71/(COUNTIFS(Participants!$B$2:$B$21,"Tool condition",Participants!$D$2:$D$21,">=0")*COUNTIFS(Participants!$B$2:$B$21,"Paper condition",Participants!$D$2:$D$21,">=0"))-1) -> 0
A72: Linear algebra | B72: =IFERROR(AVERAGEIFS(Participants!$E$2:$E$21,Participants!$B$2:$B$21,"Tool condition"),"") -> 3.2 | C72: =IFERROR(SQRT((SUMPRODUCT((Participants!$B$2:$B$21="Tool condition")*(Participants!$E$2:$E$21)^2)-COUNTIFS(Participants!$B$2:$B$21,"Tool condition",Participants!$E$2:$E$21,">=0")*B72^2)/(COUNTIFS(Participants!$B$2:$B$21,"Tool condition",Participants!$E$2:$E$21,">=0")-1)),"") -> 0.42163702 | D72: =IFERROR(AVERAGEIFS(Participants!$E$2:$E$21,Participants!$B$2:$B$21,"Paper condition"),"") -> 3.1 | E72: =IFERROR(SQRT((SUMPRODUCT((Participants!$B$2:$B$21="Paper condition")*(Participants!$E$2:$E$21)^2)-COUNTIFS(Participants!$B$2:$B$21,"Paper condition",Participants!$E$2:$E$21,">=0")*D72^2)/(COUNTIFS(Participants!$B$2:$B$21,"Paper condition",Participants!$E$2:$E$21,">=0")-1)),"") -> 0.31622777 | G72: =IF(OR(COUNTIFS(Participants!$B$2:$B$21,"Tool condition",Participants!$E$2:$E$21,">=0")=0,COUNTIFS(Participants!$B$2:$B$21,"Paper condition",Participants!$E$2:$E$21,">=0")=0),"",SUM(Helper!FH$52:FH$71)) -> 55 | H72: =IF(G72="","",IF(SQRT(COUNTIFS(Participants!$B$2:$B$21,"Tool condition",Participants!$E$2:$E$21,">=0")*COUNTIFS(Participants!$B$2:$B$21,"Paper condition",Participants!$E$2:$E$21,">=0")/12*(((COUNTIFS(Participants!$B$2:$B$21,"Tool condition",Participants!$E$2:$E$21,">=0")+COUNTIFS(Participants!$B$2:$B$21,"Paper condition",Participants!$E$2:$E$21,">=0"))+1)-SUM(Helper!FI$52:FI$71)/((COUNTIFS(Participants!$B$2:$B$21,"Tool condition",Participants!$E$2:$E$21,">=0")+COUNTIFS(Participants!$B$2:$B$21,"Paper condition",Participants!$E$2:$E$21,">=0"))*((COUNTIFS(Participants!$B$2:$B$21,"Tool condition",Participants!$E$2:$E$21,">=0")+COUNTIFS(Participants!$B$2:$B$21,"Paper condition",Participants!$E$2:$E$21,">=0"))-1))))=0,1,MIN(1,2*(1-NORMSDIST((ABS(G72-COUNTIFS(Participants!$B$2:$B$21,"Tool condition",Participants!$E$2:$E$21,">=0")*COUNTIFS(Participants!$B$2:$B$21,"Paper condition",Participants!$E$2:$E$21,">=0")/2)-0.5)/SQRT(COUNTIFS(Participants!$B$2:$B$21,"Tool condition",Participants!$E$2:$E$21,">=0")*COUNTIFS(Participants!$B$2:$B$21,"Paper condition",Participants!$E$2:$E$21,">=0")/12*(((COUNTIFS(Participants!$B$2:$B$21,"Tool condition",Participants!$E$2:$E$21,">=0")+COUNTIFS(Participants!$B$2:$B$21,"Paper condition",Participants!$E$2:$E$21,">=0"))+1)-SUM(Helper!FI$52:FI$71)/((COUNTIFS(Participants!$B$2:$B$21,"Tool condition",Participants!$E$2:$E$21,">=0")+COUNTIFS(Participants!$B$2:$B$21,"Paper condition",Participants!$E$2:$E$21,">=0"))*((COUNTIFS(Participants!$B$2:$B$21,"Tool condition",Participants!$E$2:$E$21,">=0")+COUNTIFS(Participants!$B$2:$B$21,"Paper condition",Participants!$E$2:$E$21,">=0"))-1))))))))) -> 0.58277822 | I72: =IF(G72="","",2*G72/(COUNTIFS(Participants!$B$2:$B$21,"Tool condition",Participants!$E$2:$E$21,">=0")*COUNTIFS(Participants!$B$2:$B$21,"Paper condition",Participants!$E$2:$E$21,">=0"))-1) -> 0.1
A73: Programming | B73: =IFERROR(AVERAGEIFS(Participants!$F$2:$F$21,Participants!$B$2:$B$21,"Tool condition"),"") -> 3.4 | C73: =IFERROR(SQRT((SUMPRODUCT((Participants!$B$2:$B$21="Tool condition")*(Participants!$F$2:$F$21)^2)-COUNTIFS(Participants!$B$2:$B$21,"Tool condition",Participants!$F$2:$F$21,">=0")*B73^2)/(COUNTIFS(Participants!$B$2:$B$21,"Tool condition",Participants!$F$2:$F$21,">=0")-1)),"") -> 0.51639778 | D73: =IFERROR(AVERAGEIFS(Participants!$F$2:$F$21,Participants!$B$2:$B$21,"Paper condition"),"") -> 3.5 | E73: =IFERROR(SQRT((SUMPRODUCT((Participants!$B$2:$B$21="Paper condition")*(Participants!$F$2:$F$21)^2)-COUNTIFS(Participants!$B$2:$B$21,"Paper condition",Participants!$F$2:$F$21,">=0")*D73^2)/(COUNTIFS(Participants!$B$2:$B$21,"Paper condition",Participants!$F$2:$F$21,">=0")-1)),"") -> 0.52704628 | G73: =IF(OR(COUNTIFS(Participants!$B$2:$B$21,"Tool condition",Participants!$F$2:$F$21,">=0")=0,COUNTIFS(Participants!$B$2:$B$21,"Paper condition",Participants!$F$2:$F$21,">=0")=0),"",SUM(Helper!FJ$52:FJ$71)) -> 45 | H73: =IF(G73="","",IF(SQRT(COUNTIFS(Participants!$B$2:$B$21,"Tool condition",Participants!$F$2:$F$21,">=0")*COUNTIFS(Participants!$B$2:$B$21,"Paper condition",Participants!$F$2:$F$21,">=0")/12*(((COUNTIFS(Participants!$B$2:$B$21,"Tool condition",Participants!$F$2:$F$21,">=0")+COUNTIFS(Participants!$B$2:$B$21,"Paper condition",Participants!$F$2:$F$21,">=0"))+1)-SUM(Helper!FK$52:FK$71)/((COUNTIFS(Participants!$B$2:$B$21,"Tool condition",Participants!$F$2:$F$21,">=0")+COUNTIFS(Participants!$B$2:$B$21,"Paper condition",Participants!$F$2:$F$21,">=0"))*((COUNTIFS(Participants!$B$2:$B$21,"Tool condition",Participants!$F$2:$F$21,">=0")+COUNTIFS(Participants!$B$2:$B$21,"Paper condition",Participants!$F$2:$F$21,">=0"))-1))))=0,1,MIN(1,2*(1-NORMSDIST((ABS(G73-COUNTIFS(Participants!$B$2:$B$21,"Tool condition",Participants!$F$2:$F$21,">=0")*COUNTIFS(Participants!$B$2:$B$21,"Paper condition",Participants!$F$2:$F$21,">=0")/2)-0.5)/SQRT(COUNTIFS(Participants!$B$2:$B$21,"Tool condition",Participants!$F$2:$F$21,">=0")*COUNTIFS(Participants!$B$2:$B$21,"Paper condition",Participants!$F$2:$F$21,">=0")/12*(((COUNTIFS(Participants!$B$2:$B$21,"Tool condition",Participants!$F$2:$F$21,">=0")+COUNTIFS(Participants!$B$2:$B$21,"Paper condition",Participants!$F$2:$F$21,">=0"))+1)-SUM(Helper!FK$52:FK$71)/((COUNTIFS(Participants!$B$2:$B$21,"Tool condition",Participants!$F$2:$F$21,">=0")+COUNTIFS(Participants!$B$2:$B$21,"Paper condition",Participants!$F$2:$F$21,">=0"))*((COUNTIFS(Participants!$B$2:$B$21,"Tool condition",Participants!$F$2:$F$21,">=0")+COUNTIFS(Participants!$B$2:$B$21,"Paper condition",Participants!$F$2:$F$21,">=0"))-1))))))))) -> 0.69337636 | I73: =IF(G73="","",2*G73/(COUNTIFS(Participants!$B$2:$B$21,"Tool condition",Participants!$F$2:$F$21,">=0")*COUNTIFS(Participants!$B$2:$B$21,"Paper condition",Participants!$F$2:$F$21,">=0"))-1) -> -0.1

Sheet Tasks
A1: ID | B1: Task (session 1) | C1: Isomorphic variant (session 2) | D1: Given view | E1: Level | F1: Reasoning part | G1: Active | H1: Reasoning question
A2: T1 | B2: Bell state: model with group (H on q0, CNOT q0->q1). Expand, write code and state after each gate. | C2: H on q1, CNOT q1->q0 | D2: Model | E2: Gate | F2: Yes | G2: =IF(COUNTA(B2:E2)>0,"Yes","No") -> Yes | H2: Which gate produces |11>?
A3: T2 | B3: Code h q[0]; x q[1]; cx q[0], q[1]; Draw model, derive state. | C3: x q[0]; h q[1]; cx q[1], q[0]; | D3: Code | E3: Gate | F3: Yes | G3: =IF(COUNTA(B3:E3)>0,"Yes","No") -> Yes | H3: Without which line would |00> appear instead of |01>?
A4: T3 | B4: Model with block Uniform Superposition (2 qubits). Expand, write code and state. | C4: Same block on 3 qubits | D4: Model | E4: Block | F4: No | G4: =IF(COUNTA(B4:E4)>0,"Yes","No") -> Yes
A5: T4 | B5: Bell model with H replaced by X. Write code and derivation. | C5: CNOT replaced by X on q1 | D5: Model | E5: Gate | F5: No | G5: =IF(COUNTA(B5:E5)>0,"Yes","No") -> Yes
A6: T5 | B6: Bell derivation with CNOT replaced by CZ. Write code, draw model, final state. | C6: H0 x I1 replaced by Z0 x I1 | D6: Derivation | E6: Gate | F6: Yes | G6: =IF(COUNTA(B6:E6)>0,"Yes","No") -> Yes | H6: Why does the state stay unchanged?
A7: T6 | B7: Bell code with cx q[0],q[1] changed to cx q[1],q[0]. Draw model, derive state. | C7: h q[1]; cx q[0], q[1]; | D7: Code | E7: Gate | F7: Yes | G7: =IF(COUNTA(B7:E7)>0,"Yes","No") -> Yes | H7: Why does the state stay unchanged?
A8: T7 | B8: Grover (nested), oracle marks |11> instead of |01>. Code and derivation, collapsed and expanded. | C8: Oracle marks |10> | D8: Model | E8: Block | F8: No | G8: =IF(COUNTA(B8:E8)>0,"Yes","No") -> Yes
A9: T8 | B9: Expanded Grover derivation (oracle |01>), last oracle step X0 x I1 removed. Code, model, final state. | C9: Oracle |10>, last step I0 x X1 removed | D9: Derivation | E9: Block | F9: No | G9: =IF(COUNTA(B9:E9)>0,"Yes","No") -> Yes
A10: T9 | B10: Grover code (oracle |01>), z q[1]; inserted after cz. Draw model, derive state. | C10: Oracle |10>, z q[0]; inserted | D10: Code | E10: Block | F10: No | G10: =IF(COUNTA(B10:E10)>0,"Yes","No") -> Yes
A11: T10 | B11: Grover should find |11> but yields |01>; oracle cz q[0],q[1]; z q[1];. Find and fix the fault. | C11: Oracle cz; z q[0]; yields |10> | D11: Code | E11: Block | F11: Yes | G11: =IF(COUNTA(B11:E11)>0,"Yes","No") -> Yes | H11: Which element is faulty, and how is it fixed?
A12: T11 | B12: Target state 1/sqrt2(|01>-|10>). Write code and draw model producing it from |00>. | C12: 1/sqrt2(|00>-|11>) | D12: Derivation | E12: Gate | F12: Yes | G12: =IF(COUNTA(B12:E12)>0,"Yes","No") -> Yes | H12: Design a correct circuit (tool does not synthesize it).
A13: T12 | B13: Code h q[0]; cx q[0],q[1]; cx q[1],q[2]; Draw model, derive state, explain. | C13: w state | D13: Code | E13: Gate | F13: Yes | G13: =IF(COUNTA(B13:E13)>0,"Yes","No") -> Yes | H13: What does the program compute? Describe the final state and the relation between the qubits.
A15: Given view = the view provided; participants create the other two.

Sheet Participants
A1: ID | B1: Group | C1: Condition post-test | D1: Prior QC (1–5) | E1: Linear algebra (1–5) | F1: Programming (1–5)
A2: T01 | B2: Tool condition | C2: Paper | D2: 1 | E2: 3 | F2: 3
A3: T02 | B3: Tool condition | C3: Paper | D3: 1 | E3: 3 | F3: 3
A4: T03 | B4: Tool condition | C4: Paper | D4: 1 | E4: 3 | F4: 4
A5: T04 | B5: Tool condition | C5: Paper | D5: 1 | E5: 3 | F5: 3
A6: T05 | B6: Tool condition | C6: Paper | D6: 2 | E6: 4 | F6: 4
A7: T06 | B7: Tool condition | C7: Paper | D7: 1 | E7: 3 | F7: 3
A8: T07 | B8: Tool condition | C8: Paper | D8: 1 | E8: 3 | F8: 4
A9: T08 | B9: Tool condition | C9: Paper | D9: 1 | E9: 3 | F9: 3
A10: T09 | B10: Tool condition | C10: Paper | D10: 1 | E10: 3 | F10: 4
A11: T10 | B11: Tool condition | C11: Paper | D11: 1 | E11: 4 | F11: 3
A12: P01 | B12: Paper condition | C12: Paper | D12: 2 | E12: 3 | F12: 4
A13: P02 | B13: Paper condition | C13: Paper | D13: 1 | E13: 3 | F13: 4
... A21: P10 | B21: Paper condition | C21: Paper | D21: 1 | E21: 4 | F21: 3

Sheet Translation
A1: Translation – points per task (0 / 1 / 2)
A4: ID | B4: Session | C4: Group | D4: Condition | E4: T1 | F4: T2 | G4: T3 | H4: T4 | I4: T5 | J4: T6 | K4: T7 | L4: T8 | M4: T9 | N4: T10 | O4: T11 | P4: T12
A5: T01 | B5: 1 | C5: =IFERROR(INDEX(Participants!$B$2:$B$21,MATCH(A5,Participants!$A$2:$A$21,0)),"") -> Tool condition | D5: =IF(C5="Tool condition","Tool",IF(C5="Paper condition","Paper","")) -> Tool | E5: 2 | F5: 2 | G5: 2 | H5: 2 | I5: 2 | J5: 2 | K5: 2 | L5: 2 | M5: 2 | N5: 2 | O5: 2 | P5: 2
A6: T02 | B6: 1 | C6: =IFERROR(INDEX(Participants!$B$2:$B$21,MATCH(A6,Participants!$A$2:$A$21,0)),"") -> Tool condition | D6: =IF(C6="Tool condition","Tool",IF(C6="Paper condition","Paper","")) -> Tool | E6: 2 | F6: 2 | G6: 2 | H6: 2 | I6: 2 | J6: 2 | K6: 2 | L6: 2 | M6: 2 | N6: 2 | O6: 2 | P6: 2
A7: T03 | B7: 1 | C7: =IFERROR(INDEX(Participants!$B$2:$B$21,MATCH(A7,Participants!$A$2:$A$21,0)),"") -> Tool condition | D7: =IF(C7="Tool condition","Tool",IF(C7="Paper condition","Paper","")) -> Tool | E7: 2 | F7: 2 | G7: 2 | H7: 2 | I7: 2 | J7: 2 | K7: 2 | L7: 2 | M7: 2 | N7: 2 | O7: 2 | P7: 2
A8: T04 | B8: 1 | C8: =IFERROR(INDEX(Participants!$B$2:$B$21,MATCH(A8,Participants!$A$2:$A$21,0)),"") -> Tool condition | D8: =IF(C8="Tool condition","Tool",IF(C8="Paper condition","Paper","")) -> Tool | E8: 2 | F8: 2 | G8: 2 | H8: 2 | I8: 2 | J8: 2 | K8: 2 | L8: 2 | M8: 2 | N8: 2 | O8: 2 | P8: 2
A9: T05 | B9: 1 | C9: =IFERROR(INDEX(Participants!$B$2:$B$21,MATCH(A9,Participants!$A$2:$A$21,0)),"") -> Tool condition | D9: =IF(C9="Tool condition","Tool",IF(C9="Paper condition","Paper","")) -> Tool | E9: 2 | F9: 2 | G9: 2 | H9: 2 | I9: 2 | J9: 2 | K9: 2 | L9: 2 | M9: 2 | N9: 2 | O9: 2 | P9: 2
A10: T06 | B10: 1 | C10: =IFERROR(INDEX(Participants!$B$2:$B$21,MATCH(A10,Participants!$A$2:$A$21,0)),"") -> Tool condition | D10: =IF(C10="Tool condition","Tool",IF(C10="Paper condition","Paper","")) -> Tool | E10: 2 | F10: 2 | G10: 2 | H10: 2 | I10: 2 | J10: 2 | K10: 2 | L10: 2 | M10: 2 | N10: 2 | O10: 2 | P10: 2
A11: T07 | B11: 1 | C11: =IFERROR(INDEX(Participants!$B$2:$B$21,MATCH(A11,Participants!$A$2:$A$21,0)),"") -> Tool condition | D11: =IF(C11="Tool condition","Tool",IF(C11="Paper condition","Paper","")) -> Tool | E11: 2 | F11: 2 | G11: 2 | H11: 2 | I11: 2 | J11: 2 | K11: 2 | L11: 2 | M11: 2 | N11: 2 | O11: 2 | P11: 2
A12: T08 | B12: 1 | C12: =IFERROR(INDEX(Participants!$B$2:$B$21,MATCH(A12,Participants!$A$2:$A$21,0)),"") -> Tool condition | D12: =IF(C12="Tool condition","Tool",IF(C12="Paper condition","Paper","")) -> Tool | E12: 2 | F12: 2 | G12: 2 | H12: 2 | I12: 2 | J12: 2 | K12: 2 | L12: 2 | M12: 2 | N12: 2 | O12: 2 | P12: 2
A13: T09 | B13: 1 | C13: =IFERROR(INDEX(Participants!$B$2:$B$21,MATCH(A13,Participants!$A$2:$A$21,0)),"") -> Tool condition | D13: =IF(C13="Tool condition","Tool",IF(C13="Paper condition","Paper","")) -> Tool | E13: 2 | F13: 2 | G13: 2 | H13: 2 | I13: 2 | J13: 2 | K13: 2 | L13: 2 | M13: 2 | N13: 2 | O13: 2 | P13: 2
A14: T10 | B14: 1 | C14: =IFERROR(INDEX(Participants!$B$2:$B$21,MATCH(A14,Participants!$A$2:$A$21,0)),"") -> Tool condition | D14: =IF(C14="Tool condition","Tool",IF(C14="Paper condition","Paper","")) -> Tool | E14: 2 | F14: 2 | G14: 2 | H14: 2 | I14: 2 | J14: 2 | K14: 2 | L14: 2 | M14: 2 | N14: 2 | O14: 2 | P14: 2
A15: P01 | B15: 1 | C15: =IFERROR(INDEX(Participants!$B$2:$B$21,MATCH(A15,Participants!$A$2:$A$21,0)),"") -> Paper condition | D15: =IF(C15="Tool condition","Tool",IF(C15="Paper condition","Paper","")) -> Paper | E15: 2 | F15: 1 | G15: 2 | H15: 2 | I15: 1 | J15: 2 | K15: 1 | L15: 2 | M15: 2 | N15: 1 | O15: 2 | P15: 1
A16: P02 | B16: 1 | C16: =IFERROR(INDEX(Participants!$B$2:$B$21,MATCH(A16,Participants!$A$2:$A$21,0)),"") -> Paper condition | D16: =IF(C16="Tool condition","Tool",IF(C16="Paper condition","Paper","")) -> Paper | E16: 2 | F16: 2 | G16: 2 | H16: 2 | I16: 2 | J16: 1 | K16: 2 | L16: 2 | M16: 2 | N16: 2 | O16: 1 | P16: 2
... A24: P10 | B24: 1 | C24: =IFERROR(INDEX(Participants!$B$2:$B$21,MATCH(A24,Participants!$A$2:$A$21,0)),"") -> Paper condition | D24: =IF(C24="Tool condition","Tool",IF(C24="Paper condition","Paper","")) -> Paper | E24: 2 | F24: 2 | G24: 2 | H24: 1 | I24: 2 | J24: 2 | K24: 1 | L24: 2 | M24: 2 | N24: 1 | O24: 2 | P24: 2
A25: T01 | B25: 2 | C25: =IFERROR(INDEX(Participants!$B$2:$B$21,MATCH(A25,Participants!$A$2:$A$21,0)),"") -> Tool condition | D25: =IFERROR(INDEX(Participants!$C$2:$C$21,MATCH(A25,Participants!$A$2:$A$21,0)),"") -> Paper | E25: 2 | F25: 2 | G25: 2 | H25: 1 | I25: 2 | J25: 2 | K25: 1 | L25: 2 | M25: 1 | N25: 2 | O25: 1 | P25: 0
A26: T02 | B26: 2 | C26: =IFERROR(INDEX(Participants!$B$2:$B$21,MATCH(A26,Participants!$A$2:$A$21,0)),"") -> Tool condition | D26: =IFERROR(INDEX(Participants!$C$2:$C$21,MATCH(A26,Participants!$A$2:$A$21,0)),"") -> Paper | E26: 2 | F26: 1 | G26: 2 | H26: 2 | I26: 1 | J26: 2 | K26: 2 | L26: 1 | M26: 2 | N26: 1 | O26: 2 | P26: 1
A27: T03 | B27: 2 | C27: =IFERROR(INDEX(Participants!$B$2:$B$21,MATCH(A27,Participants!$A$2:$A$21,0)),"") -> Tool condition | D27: =IFERROR(INDEX(Participants!$C$2:$C$21,MATCH(A27,Participants!$A$2:$A$21,0)),"") -> Paper | E27: 1 | F27: 2 | G27: 2 | H27: 2 | I27: 2 | J27: 1 | K27: 2 | L27: 1 | M27: 1 | N27: 0 | O27: 2 | P27: 1
A28: T04 | B28: 2 | C28: =IFERROR(INDEX(Participants!$B$2:$B$21,MATCH(A28,Participants!$A$2:$A$21,0)),"") -> Tool condition | D28: =IFERROR(INDEX(Participants!$C$2:$C$21,MATCH(A28,Participants!$A$2:$A$21,0)),"") -> Paper | E28: 2 | F28: 2 | G28: 1 | H28: 2 | I28: 1 | J28: 2 | K28: 1 | L28: 2 | M28: 2 | N28: 1 | O28: 0 | P28: 1
A29: T05 | B29: 2 | C29: =IFERROR(INDEX(Participants!$B$2:$B$21,MATCH(A29,Participants!$A$2:$A$21,0)),"") -> Tool condition | D29: =IFERROR(INDEX(Participants!$C$2:$C$21,MATCH(A29,Participants!$A$2:$A$21,0)),"") -> Paper | E29: 2 | F29: 1 | G29: 2 | H29: 1 | I29: 2 | J29: 2 | K29: 2 | L29: 1 | M29: 0 | N29: 2 | O29: 1 | P29: 1
A30: T06 | B30: 2 | C30: =IFERROR(INDEX(Participants!$B$2:$B$21,MATCH(A30,Participants!$A$2:$A$21,0)),"") -> Tool condition | D30: =IFERROR(INDEX(Participants!$C$2:$C$21,MATCH(A30,Participants!$A$2:$A$21,0)),"") -> Paper | E30: 2 | F30: 2 | G30: 2 | H30: 1 | I30: 2 | J30: 1 | K30: 2 | L30: 2 | M30: 1 | N30: 1 | O30: 2 | P30: 0
A31: T07 | B31: 2 | C31: =IFERROR(INDEX(Participants!$B$2:$B$21,MATCH(A31,Participants!$A$2:$A$21,0)),"") -> Tool condition | D31: =IFERROR(INDEX(Participants!$C$2:$C$21,MATCH(A31,Participants!$A$2:$A$21,0)),"") -> Paper | E31: 1 | F31: 2 | G31: 1 | H31: 2 | I31: 2 | J31: 2 | K31: 1 | L31: 2 | M31: 2 | N31: 0 | O31: 1 | P31: 1
A32: T08 | B32: 2 | C32: =IFERROR(INDEX(Participants!$B$2:$B$21,MATCH(A32,Participants!$A$2:$A$21,0)),"") -> Tool condition | D32: =IFERROR(INDEX(Participants!$C$2:$C$21,MATCH(A32,Participants!$A$2:$A$21,0)),"") -> Paper | E32: 2 | F32: 2 | G32: 2 | H32: 2 | I32: 1 | J32: 1 | K32: 2 | L32: 1 | M32: 1 | N32: 2 | O32: 0 | P32: 1
A33: T09 | B33: 2 | C33: =IFERROR(INDEX(Participants!$B$2:$B$21,MATCH(A33,Participants!$A$2:$A$21,0)),"") -> Tool condition | D33: =IFERROR(INDEX(Participants!$C$2:$C$21,MATCH(A33,Participants!$A$2:$A$21,0)),"") -> Paper | E33: 2 | F33: 1 | G33: 2 | H33: 2 | I33: 2 | J33: 1 | K33: 1 | L33: 2 | M33: 0 | N33: 1 | O33: 2 | P33: 0
A34: T10 | B34: 2 | C34: =IFERROR(INDEX(Participants!$B$2:$B$21,MATCH(A34,Participants!$A$2:$A$21,0)),"") -> Tool condition | D34: =IFERROR(INDEX(Participants!$C$2:$C$21,MATCH(A34,Participants!$A$2:$A$21,0)),"") -> Paper | E34: 1 | F34: 2 | G34: 2 | H34: 1 | I34: 2 | J34: 2 | K34: 2 | L34: 1 | M34: 2 | N34: 0 | O34: 1 | P34: 1
A35: P01 | B35: 2 | C35: =IFERROR(INDEX(Participants!$B$2:$B$21,MATCH(A35,Participants!$A$2:$A$21,0)),"") -> Paper condition | D35: =IFERROR(INDEX(Participants!$C$2:$C$21,MATCH(A35,Participants!$A$2:$A$21,0)),"") -> Paper | E35: 2 | F35: 1 | G35: 2 | H35: 1 | I35: 1 | J35: 2 | K35: 1 | L35: 1 | M35: 2 | N35: 1 | O35: 1 | P35: 0
A36: P02 | B36: 2 | C36: =IFERROR(INDEX(Participants!$B$2:$B$21,MATCH(A36,Participants!$A$2:$A$21,0)),"") -> Paper condition | D36: =IFERROR(INDEX(Participants!$C$2:$C$21,MATCH(A36,Participants!$A$2:$A$21,0)),"") -> Paper | E36: 1 | F36: 2 | G36: 1 | H36: 2 | I36: 2 | J36: 1 | K36: 1 | L36: 2 | M36: 1 | N36: 1 | O36: 0 | P36: 1
... A44: P10 | B44: 2 | C44: =IFERROR(INDEX(Participants!$B$2:$B$21,MATCH(A44,Participants!$A$2:$A$21,0)),"") -> Paper condition | D44: =IFERROR(INDEX(Participants!$C$2:$C$21,MATCH(A44,Participants!$A$2:$A$21,0)),"") -> Paper | E44: 2 | F44: 2 | G44: 2 | H44: 1 | I44: 2 | J44: 2 | K44: 1 | L44: 2 | M44: 2 | N44: 1 | O44: 0 | P44: 1

Sheet Reasoning
A1: Reasoning – points per task (0 / 1)
A4: ID | B4: Session | C4: Group | D4: Condition | E4: T1 | F4: T2 | G4: T3 | H4: T4 | I4: T5 | J4: T6 | K4: T7 | L4: T8 | M4: T9 | N4: T10 | O4: T11 | P4: T12
A5: T01 | B5: 1 | C5: =IFERROR(INDEX(Participants!$B$2:$B$21,MATCH(A5,Participants!$A$2:$A$21,0)),"") -> Tool condition | D5: =IF(C5="Tool condition","Tool",IF(C5="Paper condition","Paper","")) -> Tool | E5: 1 | F5: 1 | I5: 1 | J5: 1 | N5: 1 | O5: 1 | P5: 1
A6: T02 | B6: 1 | C6: =IFERROR(INDEX(Participants!$B$2:$B$21,MATCH(A6,Participants!$A$2:$A$21,0)),"") -> Tool condition | D6: =IF(C6="Tool condition","Tool",IF(C6="Paper condition","Paper","")) -> Tool | E6: 1 | F6: 1 | I6: 1 | J6: 1 | N6: 1 | O6: 1 | P6: 0
A7: T03 | B7: 1 | C7: =IFERROR(INDEX(Participants!$B$2:$B$21,MATCH(A7,Participants!$A$2:$A$21,0)),"") -> Tool condition | D7: =IF(C7="Tool condition","Tool",IF(C7="Paper condition","Paper","")) -> Tool | E7: 1 | F7: 1 | I7: 0 | J7: 1 | N7: 1 | O7: 1 | P7: 1
A8: T04 | B8: 1 | C8: =IFERROR(INDEX(Participants!$B$2:$B$21,MATCH(A8,Participants!$A$2:$A$21,0)),"") -> Tool condition | D8: =IF(C8="Tool condition","Tool",IF(C8="Paper condition","Paper","")) -> Tool | E8: 1 | F8: 1 | I8: 1 | J8: 1 | N8: 0 | O8: 1 | P8: 1
A9: T05 | B9: 1 | C9: =IFERROR(INDEX(Participants!$B$2:$B$21,MATCH(A9,Participants!$A$2:$A$21,0)),"") -> Tool condition | D9: =IF(C9="Tool condition","Tool",IF(C9="Paper condition","Paper","")) -> Tool | E9: 1 | F9: 0 | I9: 1 | J9: 1 | N9: 1 | O9: 1 | P9: 1
A10: T06 | B10: 1 | C10: =IFERROR(INDEX(Participants!$B$2:$B$21,MATCH(A10,Participants!$A$2:$A$21,0)),"") -> Tool condition | D10: =IF(C10="Tool condition","Tool",IF(C10="Paper condition","Paper","")) -> Tool | E10: 1 | F10: 1 | I10: 1 | J10: 1 | N10: 1 | O10: 0 | P10: 1
A11: T07 | B11: 1 | C11: =IFERROR(INDEX(Participants!$B$2:$B$21,MATCH(A11,Participants!$A$2:$A$21,0)),"") -> Tool condition | D11: =IF(C11="Tool condition","Tool",IF(C11="Paper condition","Paper","")) -> Tool | E11: 1 | F11: 1 | I11: 1 | J11: 0 | N11: 1 | O11: 1 | P11: 1
A12: T08 | B12: 1 | C12: =IFERROR(INDEX(Participants!$B$2:$B$21,MATCH(A12,Participants!$A$2:$A$21,0)),"") -> Tool condition | D12: =IF(C12="Tool condition","Tool",IF(C12="Paper condition","Paper","")) -> Tool | E12: 0 | F12: 1 | I12: 1 | J12: 1 | N12: 1 | O12: 1 | P12: 0
A13: T09 | B13: 1 | C13: =IFERROR(INDEX(Participants!$B$2:$B$21,MATCH(A13,Participants!$A$2:$A$21,0)),"") -> Tool condition | D13: =IF(C13="Tool condition","Tool",IF(C13="Paper condition","Paper","")) -> Tool | E13: 1 | F13: 0 | I13: 1 | J13: 1 | N13: 0 | O13: 1 | P13: 1
A14: T10 | B14: 1 | C14: =IFERROR(INDEX(Participants!$B$2:$B$21,MATCH(A14,Participants!$A$2:$A$21,0)),"") -> Tool condition | D14: =IF(C14="Tool condition","Tool",IF(C14="Paper condition","Paper","")) -> Tool | E14: 1 | F14: 1 | I14: 0 | J14: 1 | N14: 1 | O14: 0 | P14: 1
A15: P01 | B15: 1 | C15: =IFERROR(INDEX(Participants!$B$2:$B$21,MATCH(A15,Participants!$A$2:$A$21,0)),"") -> Paper condition | D15: =IF(C15="Tool condition","Tool",IF(C15="Paper condition","Paper","")) -> Paper | E15: 1 | F15: 1 | I15: 0 | J15: 1 | N15: 0 | O15: 1 | P15: 0
A16: P02 | B16: 1 | C16: =IFERROR(INDEX(Participants!$B$2:$B$21,MATCH(A16,Participants!$A$2:$A$21,0)),"") -> Paper condition | D16: =IF(C16="Tool condition","Tool",IF(C16="Paper condition","Paper","")) -> Paper | E16: 1 | F16: 1 | I16: 1 | J16: 1 | N16: 1 | O16: 0 | P16: 1
... A24: P10 | B24: 1 | C24: =IFERROR(INDEX(Participants!$B$2:$B$21,MATCH(A24,Participants!$A$2:$A$21,0)),"") -> Paper condition | D24: =IF(C24="Tool condition","Tool",IF(C24="Paper condition","Paper","")) -> Paper | E24: 1 | F24: 1 | I24: 1 | J24: 1 | N24: 0 | O24: 1 | P24: 1
A25: T01 | B25: 2 | C25: =IFERROR(INDEX(Participants!$B$2:$B$21,MATCH(A25,Participants!$A$2:$A$21,0)),"") -> Tool condition | D25: =IFERROR(INDEX(Participants!$C$2:$C$21,MATCH(A25,Participants!$A$2:$A$21,0)),"") -> Paper | E25: 1 | F25: 1 | I25: 1 | J25: 1 | N25: 1 | O25: 1 | P25: 1
A26: T02 | B26: 2 | C26: =IFERROR(INDEX(Participants!$B$2:$B$21,MATCH(A26,Participants!$A$2:$A$21,0)),"") -> Tool condition | D26: =IFERROR(INDEX(Participants!$C$2:$C$21,MATCH(A26,Participants!$A$2:$A$21,0)),"") -> Paper | E26: 1 | F26: 1 | I26: 1 | J26: 0 | N26: 1 | O26: 1 | P26: 0
A27: T03 | B27: 2 | C27: =IFERROR(INDEX(Participants!$B$2:$B$21,MATCH(A27,Participants!$A$2:$A$21,0)),"") -> Tool condition | D27: =IFERROR(INDEX(Participants!$C$2:$C$21,MATCH(A27,Participants!$A$2:$A$21,0)),"") -> Paper | E27: 1 | F27: 0 | I27: 0 | J27: 1 | N27: 1 | O27: 1 | P27: 1
A28: T04 | B28: 2 | C28: =IFERROR(INDEX(Participants!$B$2:$B$21,MATCH(A28,Participants!$A$2:$A$21,0)),"") -> Tool condition | D28: =IFERROR(INDEX(Participants!$C$2:$C$21,MATCH(A28,Participants!$A$2:$A$21,0)),"") -> Paper | E28: 1 | F28: 1 | I28: 1 | J28: 1 | N28: 0 | O28: 1 | P28: 0
A29: T05 | B29: 2 | C29: =IFERROR(INDEX(Participants!$B$2:$B$21,MATCH(A29,Participants!$A$2:$A$21,0)),"") -> Tool condition | D29: =IFERROR(INDEX(Participants!$C$2:$C$21,MATCH(A29,Participants!$A$2:$A$21,0)),"") -> Paper | E29: 1 | F29: 0 | I29: 1 | J29: 1 | N29: 1 | O29: 0 | P29: 1
A30: T06 | B30: 2 | C30: =IFERROR(INDEX(Participants!$B$2:$B$21,MATCH(A30,Participants!$A$2:$A$21,0)),"") -> Tool condition | D30: =IFERROR(INDEX(Participants!$C$2:$C$21,MATCH(A30,Participants!$A$2:$A$21,0)),"") -> Paper | E30: 0 | F30: 1 | I30: 1 | J30: 1 | N30: 1 | O30: 0 | P30: 1
A31: T07 | B31: 2 | C31: =IFERROR(INDEX(Participants!$B$2:$B$21,MATCH(A31,Participants!$A$2:$A$21,0)),"") -> Tool condition | D31: =IFERROR(INDEX(Participants!$C$2:$C$21,MATCH(A31,Participants!$A$2:$A$21,0)),"") -> Paper | E31: 1 | F31: 1 | I31: 1 | J31: 0 | N31: 1 | O31: 1 | P31: 0
A32: T08 | B32: 2 | C32: =IFERROR(INDEX(Participants!$B$2:$B$21,MATCH(A32,Participants!$A$2:$A$21,0)),"") -> Tool condition | D32: =IFERROR(INDEX(Participants!$C$2:$C$21,MATCH(A32,Participants!$A$2:$A$21,0)),"") -> Paper | E32: 0 | F32: 1 | I32: 1 | J32: 1 | N32: 1 | O32: 1 | P32: 0
A33: T09 | B33: 2 | C33: =IFERROR(INDEX(Participants!$B$2:$B$21,MATCH(A33,Participants!$A$2:$A$21,0)),"") -> Tool condition | D33: =IFERROR(INDEX(Participants!$C$2:$C$21,MATCH(A33,Participants!$A$2:$A$21,0)),"") -> Paper | E33: 1 | F33: 0 | I33: 1 | J33: 1 | N33: 0 | O33: 1 | P33: 1
A34: T10 | B34: 2 | C34: =IFERROR(INDEX(Participants!$B$2:$B$21,MATCH(A34,Participants!$A$2:$A$21,0)),"") -> Tool condition | D34: =IFERROR(INDEX(Participants!$C$2:$C$21,MATCH(A34,Participants!$A$2:$A$21,0)),"") -> Paper | E34: 1 | F34: 1 | I34: 0 | J34: 1 | N34: 1 | O34: 0 | P34: 1
A35: P01 | B35: 2 | C35: =IFERROR(INDEX(Participants!$B$2:$B$21,MATCH(A35,Participants!$A$2:$A$21,0)),"") -> Paper condition | D35: =IFERROR(INDEX(Participants!$C$2:$C$21,MATCH(A35,Participants!$A$2:$A$21,0)),"") -> Paper | E35: 1 | F35: 1 | I35: 1 | J35: 0 | N35: 1 | O35: 0 | P35: 0
A36: P02 | B36: 2 | C36: =IFERROR(INDEX(Participants!$B$2:$B$21,MATCH(A36,Participants!$A$2:$A$21,0)),"") -> Paper condition | D36: =IFERROR(INDEX(Participants!$C$2:$C$21,MATCH(A36,Participants!$A$2:$A$21,0)),"") -> Paper | E36: 1 | F36: 0 | I36: 1 | J36: 1 | N36: 0 | O36: 1 | P36: 0
... A44: P10 | B44: 2 | C44: =IFERROR(INDEX(Participants!$B$2:$B$21,MATCH(A44,Participants!$A$2:$A$21,0)),"") -> Paper condition | D44: =IFERROR(INDEX(Participants!$C$2:$C$21,MATCH(A44,Participants!$A$2:$A$21,0)),"") -> Paper | E44: 1 | F44: 1 | I44: 1 | J44: 0 | N44: 1 | O44: 0 | P44: 1

Sheet Scores
A1: Translation – points with sums
D2: Level → | E2: =IFERROR(INDEX(Tasks!$E$2:$E$13,MATCH(E$4,Tasks!$A$2:$A$13,0))&"","") -> Gate | F2: =IFERROR(INDEX(Tasks!$E$2:$E$13,MATCH(F$4,Tasks!$A$2:$A$13,0))&"","") -> Gate | G2: =IFERROR(INDEX(Tasks!$E$2:$E$13,MATCH(G$4,Tasks!$A$2:$A$13,0))&"","") -> Block | H2: =IFERROR(INDEX(Tasks!$E$2:$E$13,MATCH(H$4,Tasks!$A$2:$A$13,0))&"","") -> Gate | I2: =IFERROR(INDEX(Tasks!$E$2:$E$13,MATCH(I$4,Tasks!$A$2:$A$13,0))&"","") -> Gate | J2: =IFERROR(INDEX(Tasks!$E$2:$E$13,MATCH(J$4,Tasks!$A$2:$A$13,0))&"","") -> Gate | K2: =IFERROR(INDEX(Tasks!$E$2:$E$13,MATCH(K$4,Tasks!$A$2:$A$13,0))&"","") -> Block | L2: =IFERROR(INDEX(Tasks!$E$2:$E$13,MATCH(L$4,Tasks!$A$2:$A$13,0))&"","") -> Block | ... P2: =IFERROR(INDEX(Tasks!$E$2:$E$13,MATCH(P$4,Tasks!$A$2:$A$13,0))&"","") -> Gate
D3: Given view → | E3: =IFERROR(INDEX(Tasks!$D$2:$D$13,MATCH(E$4,Tasks!$A$2:$A$13,0))&"","") -> Model | F3: =IFERROR(INDEX(Tasks!$D$2:$D$13,MATCH(F$4,Tasks!$A$2:$A$13,0))&"","") -> Code | G3: =IFERROR(INDEX(Tasks!$D$2:$D$13,MATCH(G$4,Tasks!$A$2:$A$13,0))&"","") -> Model | H3: =IFERROR(INDEX(Tasks!$D$2:$D$13,MATCH(H$4,Tasks!$A$2:$A$13,0))&"","") -> Model | I3: =IFERROR(INDEX(Tasks!$D$2:$D$13,MATCH(I$4,Tasks!$A$2:$A$13,0))&"","") -> Derivation | J3: =IFERROR(INDEX(Tasks!$D$2:$D$13,MATCH(J$4,Tasks!$A$2:$A$13,0))&"","") -> Code | K3: =IFERROR(INDEX(Tasks!$D$2:$D$13,MATCH(K$4,Tasks!$A$2:$A$13,0))&"","") -> Model | L3: =IFERROR(INDEX(Tasks!$D$2:$D$13,MATCH(L$4,Tasks!$A$2:$A$13,0))&"","") -> Derivation | ... P3: =IFERROR(INDEX(Tasks!$D$2:$D$13,MATCH(P$4,Tasks!$A$2:$A$13,0))&"","") -> Code
A4: ID | B4: Session | C4: Group | D4: Condition | E4: T1 | F4: T2 | G4: T3 | H4: T4 | I4: T5 | J4: T6 | K4: T7 | L4: T8 | M4: T9 | N4: T10 | O4: T11 | P4: T12 | Q4: Sum | R4: Gate | S4: Block | T4: Model | U4: Derivation | V4: Code | W4: Fully solved | X4: Rated
A5: T01 | B5: 1 | C5: =IFERROR(INDEX(Participants!$B$2:$B$21,MATCH(A5,Participants!$A$2:$A$21,0)),"") -> Tool condition | D5: =IF(C5="Tool condition","Tool",IF(C5="Paper condition","Paper","")) -> Tool | E5: =IF(Translation!E5="","",Translation!E5) -> 2 | F5: =IF(Translation!F5="","",Translation!F5) -> 2 | G5: =IF(Translation!G5="","",Translation!G5) -> 2 | H5: =IF(Translation!H5="","",Translation!H5) -> 2 | I5: =IF(Translation!I5="","",Translation!I5) -> 2 | J5: =IF(Translation!J5="","",Translation!J5) -> 2 | K5: =IF(Translation!K5="","",Translation!K5) -> 2 | L5: =IF(Translation!L5="","",Translation!L5) -> 2 | ... P5: =IF(Translation!P5="","",Translation!P5) -> 2 | Q5: =IF(COUNT(E5:P5)=0,"",SUM(E5:P5)) -> 24 | R5: =IF(COUNTIF($E$2:$P$2,"Gate")=0,"",IF(COUNTIFS($E$2:$P$2,"Gate",E5:P5,">=0")=0,"",SUMIF($E$2:$P$2,"Gate",E5:P5))) -> 14 | S5: =IF(COUNTIF($E$2:$P$2,"Block")=0,"",IF(COUNTIFS($E$2:$P$2,"Block",E5:P5,">=0")=0,"",SUMIF($E$2:$P$2,"Block",E5:P5))) -> 10 | T5: =IF(COUNTIF($E$3:$P$3,"Model")=0,"",IF(COUNT(E5:P5)=0,"",SUMIF($E$3:$P$3,"Model",E5:P5))) -> 8 | U5: =IF(COUNTIF($E$3:$P$3,"Derivation")=0,"",IF(COUNT(E5:P5)=0,"",SUMIF($E$3:$P$3,"Derivation",E5:P5))) -> 6 | V5: =IF(COUNTIF($E$3:$P$3,"Code")=0,"",IF(COUNT(E5:P5)=0,"",SUMIF($E$3:$P$3,"Code",E5:P5))) -> 10 | W5: =COUNTIF(E5:P5,2) -> 12 | X5: =COUNT(E5:P5) -> 12
A6: T02 | B6: 1 | C6: =IFERROR(INDEX(Participants!$B$2:$B$21,MATCH(A6,Participants!$A$2:$A$21,0)),"") -> Tool condition | D6: =IF(C6="Tool condition","Tool",IF(C6="Paper condition","Paper","")) -> Tool | E6: =IF(Translation!E6="","",Translation!E6) -> 2 | F6: =IF(Translation!F6="","",Translation!F6) -> 2 | G6: =IF(Translation!G6="","",Translation!G6) -> 2 | H6: =IF(Translation!H6="","",Translation!H6) -> 2 | I6: =IF(Translation!I6="","",Translation!I6) -> 2 | J6: =IF(Translation!J6="","",Translation!J6) -> 2 | K6: =IF(Translation!K6="","",Translation!K6) -> 2 | L6: =IF(Translation!L6="","",Translation!L6) -> 2 | ... P6: =IF(Translation!P6="","",Translation!P6) -> 2 | Q6: =IF(COUNT(E6:P6)=0,"",SUM(E6:P6)) -> 24 | R6: =IF(COUNTIF($E$2:$P$2,"Gate")=0,"",IF(COUNTIFS($E$2:$P$2,"Gate",E6:P6,">=0")=0,"",SUMIF($E$2:$P$2,"Gate",E6:P6))) -> 14 | S6: =IF(COUNTIF($E$2:$P$2,"Block")=0,"",IF(COUNTIFS($E$2:$P$2,"Block",E6:P6,">=0")=0,"",SUMIF($E$2:$P$2,"Block",E6:P6))) -> 10 | T6: =IF(COUNTIF($E$3:$P$3,"Model")=0,"",IF(COUNT(E6:P6)=0,"",SUMIF($E$3:$P$3,"Model",E6:P6))) -> 8 | U6: =IF(COUNTIF($E$3:$P$3,"Derivation")=0,"",IF(COUNT(E6:P6)=0,"",SUMIF($E$3:$P$3,"Derivation",E6:P6))) -> 6 | V6: =IF(COUNTIF($E$3:$P$3,"Code")=0,"",IF(COUNT(E6:P6)=0,"",SUMIF($E$3:$P$3,"Code",E6:P6))) -> 10 | W6: =COUNTIF(E6:P6,2) -> 12 | X6: =COUNT(E6:P6) -> 12
A7: T03 | B7: 1 | C7: =IFERROR(INDEX(Participants!$B$2:$B$21,MATCH(A7,Participants!$A$2:$A$21,0)),"") -> Tool condition | D7: =IF(C7="Tool condition","Tool",IF(C7="Paper condition","Paper","")) -> Tool | E7: =IF(Translation!E7="","",Translation!E7) -> 2 | F7: =IF(Translation!F7="","",Translation!F7) -> 2 | G7: =IF(Translation!G7="","",Translation!G7) -> 2 | H7: =IF(Translation!H7="","",Translation!H7) -> 2 | I7: =IF(Translation!I7="","",Translation!I7) -> 2 | J7: =IF(Translation!J7="","",Translation!J7) -> 2 | K7: =IF(Translation!K7="","",Translation!K7) -> 2 | L7: =IF(Translation!L7="","",Translation!L7) -> 2 | ... P7: =IF(Translation!P7="","",Translation!P7) -> 2 | Q7: =IF(COUNT(E7:P7)=0,"",SUM(E7:P7)) -> 24 | R7: =IF(COUNTIF($E$2:$P$2,"Gate")=0,"",IF(COUNTIFS($E$2:$P$2,"Gate",E7:P7,">=0")=0,"",SUMIF($E$2:$P$2,"Gate",E7:P7))) -> 14 | S7: =IF(COUNTIF($E$2:$P$2,"Block")=0,"",IF(COUNTIFS($E$2:$P$2,"Block",E7:P7,">=0")=0,"",SUMIF($E$2:$P$2,"Block",E7:P7))) -> 10 | T7: =IF(COUNTIF($E$3:$P$3,"Model")=0,"",IF(COUNT(E7:P7)=0,"",SUMIF($E$3:$P$3,"Model",E7:P7))) -> 8 | U7: =IF(COUNTIF($E$3:$P$3,"Derivation")=0,"",IF(COUNT(E7:P7)=0,"",SUMIF($E$3:$P$3,"Derivation",E7:P7))) -> 6 | V7: =IF(COUNTIF($E$3:$P$3,"Code")=0,"",IF(COUNT(E7:P7)=0,"",SUMIF($E$3:$P$3,"Code",E7:P7))) -> 10 | W7: =COUNTIF(E7:P7,2) -> 12 | X7: =COUNT(E7:P7) -> 12
A8: T04 | B8: 1 | C8: =IFERROR(INDEX(Participants!$B$2:$B$21,MATCH(A8,Participants!$A$2:$A$21,0)),"") -> Tool condition | D8: =IF(C8="Tool condition","Tool",IF(C8="Paper condition","Paper","")) -> Tool | E8: =IF(Translation!E8="","",Translation!E8) -> 2 | F8: =IF(Translation!F8="","",Translation!F8) -> 2 | G8: =IF(Translation!G8="","",Translation!G8) -> 2 | H8: =IF(Translation!H8="","",Translation!H8) -> 2 | I8: =IF(Translation!I8="","",Translation!I8) -> 2 | J8: =IF(Translation!J8="","",Translation!J8) -> 2 | K8: =IF(Translation!K8="","",Translation!K8) -> 2 | L8: =IF(Translation!L8="","",Translation!L8) -> 2 | ... P8: =IF(Translation!P8="","",Translation!P8) -> 2 | Q8: =IF(COUNT(E8:P8)=0,"",SUM(E8:P8)) -> 24 | R8: =IF(COUNTIF($E$2:$P$2,"Gate")=0,"",IF(COUNTIFS($E$2:$P$2,"Gate",E8:P8,">=0")=0,"",SUMIF($E$2:$P$2,"Gate",E8:P8))) -> 14 | S8: =IF(COUNTIF($E$2:$P$2,"Block")=0,"",IF(COUNTIFS($E$2:$P$2,"Block",E8:P8,">=0")=0,"",SUMIF($E$2:$P$2,"Block",E8:P8))) -> 10 | T8: =IF(COUNTIF($E$3:$P$3,"Model")=0,"",IF(COUNT(E8:P8)=0,"",SUMIF($E$3:$P$3,"Model",E8:P8))) -> 8 | U8: =IF(COUNTIF($E$3:$P$3,"Derivation")=0,"",IF(COUNT(E8:P8)=0,"",SUMIF($E$3:$P$3,"Derivation",E8:P8))) -> 6 | V8: =IF(COUNTIF($E$3:$P$3,"Code")=0,"",IF(COUNT(E8:P8)=0,"",SUMIF($E$3:$P$3,"Code",E8:P8))) -> 10 | W8: =COUNTIF(E8:P8,2) -> 12 | X8: =COUNT(E8:P8) -> 12
A9: T05 | B9: 1 | C9: =IFERROR(INDEX(Participants!$B$2:$B$21,MATCH(A9,Participants!$A$2:$A$21,0)),"") -> Tool condition | D9: =IF(C9="Tool condition","Tool",IF(C9="Paper condition","Paper","")) -> Tool | E9: =IF(Translation!E9="","",Translation!E9) -> 2 | F9: =IF(Translation!F9="","",Translation!F9) -> 2 | G9: =IF(Translation!G9="","",Translation!G9) -> 2 | H9: =IF(Translation!H9="","",Translation!H9) -> 2 | I9: =IF(Translation!I9="","",Translation!I9) -> 2 | J9: =IF(Translation!J9="","",Translation!J9) -> 2 | K9: =IF(Translation!K9="","",Translation!K9) -> 2 | L9: =IF(Translation!L9="","",Translation!L9) -> 2 | ... P9: =IF(Translation!P9="","",Translation!P9) -> 2 | Q9: =IF(COUNT(E9:P9)=0,"",SUM(E9:P9)) -> 24 | R9: =IF(COUNTIF($E$2:$P$2,"Gate")=0,"",IF(COUNTIFS($E$2:$P$2,"Gate",E9:P9,">=0")=0,"",SUMIF($E$2:$P$2,"Gate",E9:P9))) -> 14 | S9: =IF(COUNTIF($E$2:$P$2,"Block")=0,"",IF(COUNTIFS($E$2:$P$2,"Block",E9:P9,">=0")=0,"",SUMIF($E$2:$P$2,"Block",E9:P9))) -> 10 | T9: =IF(COUNTIF($E$3:$P$3,"Model")=0,"",IF(COUNT(E9:P9)=0,"",SUMIF($E$3:$P$3,"Model",E9:P9))) -> 8 | U9: =IF(COUNTIF($E$3:$P$3,"Derivation")=0,"",IF(COUNT(E9:P9)=0,"",SUMIF($E$3:$P$3,"Derivation",E9:P9))) -> 6 | V9: =IF(COUNTIF($E$3:$P$3,"Code")=0,"",IF(COUNT(E9:P9)=0,"",SUMIF($E$3:$P$3,"Code",E9:P9))) -> 10 | W9: =COUNTIF(E9:P9,2) -> 12 | X9: =COUNT(E9:P9) -> 12
A10: T06 | B10: 1 | C10: =IFERROR(INDEX(Participants!$B$2:$B$21,MATCH(A10,Participants!$A$2:$A$21,0)),"") -> Tool condition | D10: =IF(C10="Tool condition","Tool",IF(C10="Paper condition","Paper","")) -> Tool | E10: =IF(Translation!E10="","",Translation!E10) -> 2 | F10: =IF(Translation!F10="","",Translation!F10) -> 2 | G10: =IF(Translation!G10="","",Translation!G10) -> 2 | H10: =IF(Translation!H10="","",Translation!H10) -> 2 | I10: =IF(Translation!I10="","",Translation!I10) -> 2 | J10: =IF(Translation!J10="","",Translation!J10) -> 2 | K10: =IF(Translation!K10="","",Translation!K10) -> 2 | L10: =IF(Translation!L10="","",Translation!L10) -> 2 | ... P10: =IF(Translation!P10="","",Translation!P10) -> 2 | Q10: =IF(COUNT(E10:P10)=0,"",SUM(E10:P10)) -> 24 | R10: =IF(COUNTIF($E$2:$P$2,"Gate")=0,"",IF(COUNTIFS($E$2:$P$2,"Gate",E10:P10,">=0")=0,"",SUMIF($E$2:$P$2,"Gate",E10:P10))) -> 14 | S10: =IF(COUNTIF($E$2:$P$2,"Block")=0,"",IF(COUNTIFS($E$2:$P$2,"Block",E10:P10,">=0")=0,"",SUMIF($E$2:$P$2,"Block",E10:P10))) -> 10 | T10: =IF(COUNTIF($E$3:$P$3,"Model")=0,"",IF(COUNT(E10:P10)=0,"",SUMIF($E$3:$P$3,"Model",E10:P10))) -> 8 | U10: =IF(COUNTIF($E$3:$P$3,"Derivation")=0,"",IF(COUNT(E10:P10)=0,"",SUMIF($E$3:$P$3,"Derivation",E10:P10))) -> 6 | V10: =IF(COUNTIF($E$3:$P$3,"Code")=0,"",IF(COUNT(E10:P10)=0,"",SUMIF($E$3:$P$3,"Code",E10:P10))) -> 10 | W10: =COUNTIF(E10:P10,2) -> 12 | X10: =COUNT(E10:P10) -> 12
A11: T07 | B11: 1 | C11: =IFERROR(INDEX(Participants!$B$2:$B$21,MATCH(A11,Participants!$A$2:$A$21,0)),"") -> Tool condition | D11: =IF(C11="Tool condition","Tool",IF(C11="Paper condition","Paper","")) -> Tool | E11: =IF(Translation!E11="","",Translation!E11) -> 2 | F11: =IF(Translation!F11="","",Translation!F11) -> 2 | G11: =IF(Translation!G11="","",Translation!G11) -> 2 | H11: =IF(Translation!H11="","",Translation!H11) -> 2 | I11: =IF(Translation!I11="","",Translation!I11) -> 2 | J11: =IF(Translation!J11="","",Translation!J11) -> 2 | K11: =IF(Translation!K11="","",Translation!K11) -> 2 | L11: =IF(Translation!L11="","",Translation!L11) -> 2 | ... P11: =IF(Translation!P11="","",Translation!P11) -> 2 | Q11: =IF(COUNT(E11:P11)=0,"",SUM(E11:P11)) -> 24 | R11: =IF(COUNTIF($E$2:$P$2,"Gate")=0,"",IF(COUNTIFS($E$2:$P$2,"Gate",E11:P11,">=0")=0,"",SUMIF($E$2:$P$2,"Gate",E11:P11))) -> 14 | S11: =IF(COUNTIF($E$2:$P$2,"Block")=0,"",IF(COUNTIFS($E$2:$P$2,"Block",E11:P11,">=0")=0,"",SUMIF($E$2:$P$2,"Block",E11:P11))) -> 10 | T11: =IF(COUNTIF($E$3:$P$3,"Model")=0,"",IF(COUNT(E11:P11)=0,"",SUMIF($E$3:$P$3,"Model",E11:P11))) -> 8 | U11: =IF(COUNTIF($E$3:$P$3,"Derivation")=0,"",IF(COUNT(E11:P11)=0,"",SUMIF($E$3:$P$3,"Derivation",E11:P11))) -> 6 | V11: =IF(COUNTIF($E$3:$P$3,"Code")=0,"",IF(COUNT(E11:P11)=0,"",SUMIF($E$3:$P$3,"Code",E11:P11))) -> 10 | W11: =COUNTIF(E11:P11,2) -> 12 | X11: =COUNT(E11:P11) -> 12
